lambd,mu,d1,d2,network_type,grid_preference,grid_radius,both_affected,polarization,network_influence
0.3734912136569619,0.7010708237066865,0.0203930028989091,0.6848677331519711,1,0.0904770931228995,2,0,0.85747371212679,1.0809765006031014
0.0670000975951552,0.7010708237066865,0.0203930028989091,0.6848677331519711,1,0.0904770931228995,2,0,0.7736018435014718,1.1629373766654
0.3734912136569619,0.0537614123895764,0.0203930028989091,0.6848677331519711,1,0.0904770931228995,2,0,0.8059847879324981,3094.399213433854
0.3734912136569619,0.7010708237066865,1.294724732521779,1.4142135623730951,1,0.0904770931228995,2,0,1.2641020350399055,0.9028329165887118
0.3734912136569619,0.7010708237066865,0.0203930028989091,0.2512672869187931,1,0.0904770931228995,2,0,0.8585615457249423,0.9304117415617219
0.3734912136569619,0.7010708237066865,0.0203930028989091,0.6848677331519711,3,0.0904770931228995,2,0,0.8599816340585826,1.013512575450898
0.3734912136569619,0.7010708237066865,0.0203930028989091,0.6848677331519711,1,0.1881238324567675,2,0,0.8583714193619213,1.032501055490835
0.3734912136569619,0.7010708237066865,0.0203930028989091,0.6848677331519711,1,0.0904770931228995,2,0,0.8578910972217747,1.1248375699823867
0.3734912136569619,0.7010708237066865,0.0203930028989091,0.6848677331519711,1,0.0904770931228995,2,0,0.8569597412424903,1.130672573965324
0.0670000975951552,0.0537614123895764,1.294724732521779,1.4142135623730951,3,0.1881238324567675,2,0,0.9740156235854435,0.9981993482360185
0.8818757515400648,0.3040382014587521,1.0658200787341086,1.3223323736797774,2,0.7910600220784545,1,1,1.0686524363195142,1.103264069792131
0.6767774634063244,0.3040382014587521,1.0658200787341086,1.3223323736797774,2,0.7910600220784545,1,1,1.0142456174754422,1.1639040221298238
0.8818757515400648,0.9322544131428004,1.0658200787341086,1.3223323736797774,2,0.7910600220784545,1,1,1.508936243314198,1.038459487297644
0.8818757515400648,0.3040382014587521,0.0416854814482244,1.3223323736797774,2,0.7910600220784545,1,1,0.35518487677603483,0.9881811888342006
0.8818757515400648,0.3040382014587521,1.0658200787341086,1.399573506831336,2,0.7910600220784545,1,1,1.0058976273407831,1.1282089717235773
0.8818757515400648,0.3040382014587521,1.0658200787341086,1.3223323736797774,1,0.7910600220784545,1,1,1.0234957073783502,1.0873024641567712
0.8818757515400648,0.3040382014587521,1.0658200787341086,1.3223323736797774,2,0.5808488484472036,1,1,1.0073677199541538,1.1269548875024562
0.8818757515400648,0.3040382014587521,1.0658200787341086,1.3223323736797774,2,0.7910600220784545,1,1,1.0284651167315182,1.1492492497678632
0.8818757515400648,0.3040382014587521,1.0658200787341086,1.3223323736797774,2,0.7910600220784545,1,1,1.0244651346619187,1.1397318563530996
0.6767774634063244,0.9322544131428004,0.0416854814482244,1.399573506831336,1,0.5808488484472036,1,1,0.3546410673315858,1.014867696406332
0.6413969369605184,0.9545318083837628,0.3597000026864055,1.4142135623730951,3,0.5212896810844541,3,1,0.8499824708881614,1.0161031930883149
0.8987595168873668,0.9545318083837628,0.3597000026864055,1.4142135623730951,3,0.5212896810844541,3,1,0.8600616343265733,1.0096445551931896
0.6413969369605184,0.6918769823387265,0.3597000026864055,1.4142135623730951,3,0.5212896810844541,3,1,0.8425286742005734,1.010433186147523
0.6413969369605184,0.9545318083837628,0.3919663839401369,1.4142135623730951,3,0.5212896810844541,3,1,0.8601276967668241,1.007597291318034
0.6413969369605184,0.9545318083837628,0.3597000026864055,0.8221541129215129,3,0.5212896810844541,3,1,0.8563671185820213,1.0039407034834111
0.6413969369605184,0.9545318083837628,0.3597000026864055,1.4142135623730951,2,0.5212896810844541,3,1,0.8319413370295338,1.0034818017998237
0.6413969369605184,0.9545318083837628,0.3597000026864055,1.4142135623730951,3,0.2961120503023267,3,1,0.8370783713523823,0.9993277646227184
0.6413969369605184,0.9545318083837628,0.3597000026864055,1.4142135623730951,3,0.5212896810844541,2,1,0.852260349508299,1.0023174840026414
0.6413969369605184,0.9545318083837628,0.3597000026864055,1.4142135623730951,3,0.5212896810844541,3,0,0.824615732447419,1.0116161868593314
0.8987595168873668,0.6918769823387265,0.3919663839401369,0.8221541129215129,2,0.2961120503023267,2,0,0.8492681888926958,0.9922335772114721
0.1032268870621919,0.0427265400066971,0.7195968759363836,1.0242620915026297,0,0.3470509620383382,1,0,0.821420351002502,0.8692034388748308
0.3533129766583442,0.0427265400066971,0.7195968759363836,1.0242620915026297,0,0.3470509620383382,1,0,0.8118011828858344,3.2242265293566703
0.1032268870621919,0.3221082035452127,0.7195968759363836,1.0242620915026297,0,0.3470509620383382,1,0,0.8588382029993041,0.9132338365740758
0.1032268870621919,0.0427265400066971,0.9453707314248524,1.0242620915026297,0,0.3470509620383382,1,0,0.8461153379642667,0.8954714814643665
0.1032268870621919,0.0427265400066971,0.7195968759363836,1.4142135623730951,0,0.3470509620383382,1,0,0.7934901531624661,0.9070680089767861
0.1032268870621919,0.0427265400066971,0.7195968759363836,1.0242620915026297,0,0.3470509620383382,1,0,0.8359204528722523,0.8704165115214769
0.1032268870621919,0.0427265400066971,0.7195968759363836,1.0242620915026297,0,0.9349307641386986,1,0,0.8123127010089578,8.486801429670981
0.1032268870621919,0.0427265400066971,0.7195968759363836,1.0242620915026297,0,0.3470509620383382,3,0,0.8261598621056385,0.8963651256063279
0.1032268870621919,0.0427265400066971,0.7195968759363836,1.0242620915026297,0,0.3470509620383382,1,1,0.8370986745310379,0.9291740877274397
0.3533129766583442,0.3221082035452127,0.9453707314248524,1.4142135623730951,0,0.9349307641386986,3,1,0.9205495208556282,1.1289321807904753
0.2090143151581287,0.7708758804947138,1.2423370625160433,1.4142135623730951,0,0.1321699572727084,3,1,1.4034897751268591,0.8369300459277931
0.828100354410708,0.7708758804947138,1.2423370625160433,1.4142135623730951,0,0.1321699572727084,3,1,1.1706886225784352,0.8443396208694085
0.2090143151581287,0.8591202003881335,1.2423370625160433,1.4142135623730951,0,0.1321699572727084,3,1,1.4135346529445452,0.8686078492590549
0.2090143151581287,0.7708758804947138,0.6471209286977394,0.8735205726903639,0,0.1321699572727084,3,1,0.8557045486292373,0.7947102872891922
0.2090143151581287,0.7708758804947138,1.2423370625160433,1.4142135623730951,0,0.1321699572727084,3,1,1.193118751767111,0.7576747323798252
0.2090143151581287,0.7708758804947138,1.2423370625160433,1.4142135623730951,2,0.1321699572727084,3,1,1.3982650930764784,0.9813305287303123
0.2090143151581287,0.7708758804947138,1.2423370625160433,1.4142135623730951,0,0.6665115160867572,3,1,1.2044112830434572,0.9669473090186717
0.2090143151581287,0.7708758804947138,1.2423370625160433,1.4142135623730951,0,0.1321699572727084,3,1,1.1757108091079584,0.7321139533166384
0.2090143151581287,0.7708758804947138,1.2423370625160433,1.4142135623730951,0,0.1321699572727084,3,1,1.249351519188136,0.7932322910131311
0.828100354410708,0.8591202003881335,0.6471209286977394,1.4142135623730951,2,0.6665115160867572,3,1,0.9102891992268332,0.9877771954685614
0.5463630808517337,0.2341926749795675,0.197429230586142,1.4142135623730951,3,0.986305865459144,1,0,0.40958901098131806,1.0494452879933152
0.4359397981315851,0.2341926749795675,0.197429230586142,1.4142135623730951,3,0.986305865459144,1,0,0.3974415703607265,1.0488904033420194
0.5463630808517337,0.2207676358520984,0.197429230586142,1.4142135623730951,3,0.986305865459144,1,0,0.3872762710680221,1.0660983529484644
0.5463630808517337,0.2341926749795675,0.8448961533000194,1.4142135623730951,3,0.986305865459144,1,0,0.8748940467058093,1.1427683576446397
0.5463630808517337,0.2341926749795675,0.197429230586142,0.9753552006406848,3,0.986305865459144,1,0,0.3948833327780028,1.066895978996343
0.5463630808517337,0.2341926749795675,0.197429230586142,1.4142135623730951,0,0.986305865459144,1,0,0.3980718941955989,1.2515442928088942
0.5463630808517337,0.2341926749795675,0.197429230586142,1.4142135623730951,3,0.0555743630975484,1,0,0.5109588504516949,0.9828954186582928
0.5463630808517337,0.2341926749795675,0.197429230586142,1.4142135623730951,3,0.986305865459144,2,0,0.4706498517240666,1.0283475154437978
0.5463630808517337,0.2341926749795675,0.197429230586142,1.4142135623730951,3,0.986305865459144,1,0,0.4156422793016111,1.046252966451858
0.4359397981315851,0.2207676358520984,0.8448961533000194,0.9753552006406848,0,0.0555743630975484,2,0,0.8613670612053047,0.8128382428067757
0.8053969368338585,0.5097244884818792,0.8966317654611762,1.105731148884066,2,0.7014064649119973,2,0,0.8619731218113648,1.0390874300798572
0.1437618182972073,0.5097244884818792,0.8966317654611762,1.105731148884066,2,0.7014064649119973,2,0,0.8614017223922246,1.0238874976624606
0.8053969368338585,0.4031197084113955,0.8966317654611762,1.105731148884066,2,0.7014064649119973,2,0,0.8606570170384833,1.0003274162868525
0.8053969368338585,0.5097244884818792,1.201851169938492,1.4142135623730951,2,0.7014064649119973,2,0,1.1929346645657355,1.0349221905381507
0.8053969368338585,0.5097244884818792,0.8966317654611762,1.1988550558449738,2,0.7014064649119973,2,0,0.8613670612053043,1.0164789827259546
0.8053969368338585,0.5097244884818792,0.8966317654611762,1.105731148884066,3,0.7014064649119973,2,0,0.8546741435659274,1.0285220866686553
0.8053969368338585,0.5097244884818792,0.8966317654611762,1.105731148884066,2,0.8174649672582746,2,0,0.8607956617861637,1.02676797392066
0.8053969368338585,0.5097244884818792,0.8966317654611762,1.105731148884066,2,0.7014064649119973,1,0,0.8602589235539426,1.071685836040773
0.8053969368338585,0.5097244884818792,0.8966317654611762,1.105731148884066,2,0.7014064649119973,2,1,0.8556867078707401,1.008772477629467
0.1437618182972073,0.4031197084113955,1.201851169938492,1.4142135623730951,3,0.8174649672582746,1,1,1.1137294581124944,1.1543447648085843
0.4392392253503203,0.4875698033720255,0.5362183457042048,1.4142135623730951,1,0.4302400732412934,2,1,0.8719789018603539,0.9124030971813254
0.5963469576090574,0.4875698033720255,0.5362183457042048,1.4142135623730951,1,0.4302400732412934,2,1,0.8561831616588097,0.9479615632673049
0.4392392253503203,0.5169933475553989,0.5362183457042048,1.4142135623730951,1,0.4302400732412934,2,1,0.8576181613670038,0.894266741417746
0.4392392253503203,0.4875698033720255,0.2892383363147051,0.5113384907286801,1,0.4302400732412934,2,1,0.8319383730939578,0.9620095757496203
0.4392392253503203,0.4875698033720255,0.5362183457042048,1.4142135623730951,1,0.4302400732412934,2,1,0.8704337144680809,0.9167554084984749
0.4392392253503203,0.4875698033720255,0.5362183457042048,1.4142135623730951,1,0.4302400732412934,2,1,0.8564412561362479,0.8972969696932135
0.4392392253503203,0.4875698033720255,0.5362183457042048,1.4142135623730951,1,0.4604341313242912,2,1,0.8469181188739856,0.9345170847513748
0.4392392253503203,0.4875698033720255,0.5362183457042048,1.4142135623730951,1,0.4302400732412934,3,1,0.8866222677834763,0.8991387874842378
0.4392392253503203,0.4875698033720255,0.5362183457042048,1.4142135623730951,1,0.4302400732412934,2,0,0.8539986971966192,0.9517968675277894
0.5963469576090574,0.5169933475553989,0.2892383363147051,1.4142135623730951,1,0.4604341313242912,3,0,0.7068371593439573,0.9858928105188408
0.4338783016428351,0.9363655811175704,0.9818669229799324,1.4142135623730951,2,0.3028494380414486,3,1,0.8585447252965211,0.985538592777208
0.7650438193231821,0.9363655811175704,0.9818669229799324,1.4142135623730951,2,0.3028494380414486,3,1,0.8589428187810615,0.9892276392034277
0.4338783016428351,0.2670214343816042,0.9818669229799324,1.4142135623730951,2,0.3028494380414486,3,1,0.9285059237377142,0.9829834492785625
0.4338783016428351,0.9363655811175704,0.2219304738360482,1.4142135623730951,2,0.3028494380414486,3,1,0.8043844055942817,1.0085890642582829
0.4338783016428351,0.9363655811175704,0.9818669229799324,1.4142135623730951,2,0.3028494380414486,3,1,0.856795865852179,1.0097590575019169
0.4338783016428351,0.9363655811175704,0.9818669229799324,1.4142135623730951,0,0.3028494380414486,3,1,0.860509962076593,0.8433130303977494
0.4338783016428351,0.9363655811175704,0.9818669229799324,1.4142135623730951,2,0.7907091649249196,3,1,0.8570815655617499,1.0292017323669496
0.4338783016428351,0.9363655811175704,0.9818669229799324,1.4142135623730951,2,0.3028494380414486,2,1,0.8614997590334842,0.9811106545758176
0.4338783016428351,0.9363655811175704,0.9818669229799324,1.4142135623730951,2,0.3028494380414486,3,1,0.8616037425942448,0.997153925628725
0.7650438193231821,0.2670214343816042,0.2219304738360482,0.338845153304425,0,0.7907091649249196,2,1,0.8614017223922249,1.013146060382695
0.8175831288099289,0.0667985482141375,0.6346600496164556,0.7248580512309303,1,0.5631849206984043,1,0,0.859759309803353,1.0159858308478003
0.4989974359050393,0.0667985482141375,0.6346600496164556,0.7248580512309303,1,0.5631849206984043,1,0,0.8536962404480364,1.0657871229284854
0.8175831288099289,0.6530906679108739,0.6346600496164556,0.7248580512309303,1,0.5631849206984043,1,0,0.8585447252965216,1.0248447267382839
0.8175831288099289,0.0667985482141375,1.0936547952580824,1.4142135623730951,1,0.5631849206984043,1,0,0.9369526785038994,0.9806078340134371
0.8175831288099289,0.0667985482141375,0.6346600496164556,1.3117567731817683,1,0.5631849206984043,1,0,0.7984698816977538,1.022126274620647
0.8175831288099289,0.0667985482141375,0.6346600496164556,0.7248580512309303,2,0.5631849206984043,1,0,0.8356500060236581,1.00477270028371
0.8175831288099289,0.0667985482141375,0.6346600496164556,0.7248580512309303,1,0.4333731383085251,1,0,0.8380752687779814,0.9901449476301686
0.8175831288099289,0.0667985482141375,0.6346600496164556,0.7248580512309303,1,0.5631849206984043,3,0,0.8154687125094033,0.9657285874483419
0.8175831288099289,0.0667985482141375,0.6346600496164556,0.7248580512309303,1,0.5631849206984043,1,0,0.8609283596143453,1.0795548125309886
0.4989974359050393,0.6530906679108739,1.0936547952580824,1.3117567731817683,2,0.4333731383085251,3,0,1.12406495018409,0.9930841642530176
0.5810116408392787,0.6584618939086795,1.3427747884902097,1.4142135623730951,0,0.874469181522727,3,0,1.4238228318941126,1.0179104507831018
0.2066970448940992,0.6584618939086795,1.3427747884902097,1.4142135623730951,0,0.874469181522727,3,0,1.350412620524407,1.1246060552732993
0.5810116408392787,0.9707958120852708,1.3427747884902097,1.4142135623730951,0,0.874469181522727,3,0,1.4965875455914064,1.0916256530157442
0.5810116408392787,0.6584618939086795,0.7321094731520572,1.4142135623730951,0,0.874469181522727,3,0,0.9330420575904365,1.0449871849131045
0.5810116408392787,0.6584618939086795,1.3427747884902097,1.4142135623730951,0,0.874469181522727,3,0,1.3292500434538077,1.1458230694027114
0.5810116408392787,0.6584618939086795,1.3427747884902097,1.4142135623730951,1,0.874469181522727,3,0,1.3807790213284483,1.0745374051645546
0.5810116408392787,0.6584618939086795,1.3427747884902097,1.4142135623730951,0,0.6935877529904246,3,0,1.1638587914543175,0.9613745154379578
0.5810116408392787,0.6584618939086795,1.3427747884902097,1.4142135623730951,0,0.874469181522727,2,0,1.3176958576676003,0.9911760287360452
0.5810116408392787,0.6584618939086795,1.3427747884902097,1.4142135623730951,0,0.874469181522727,3,1,1.3294035510961164,1.0727375073961143
0.2066970448940992,0.9707958120852708,0.7321094731520572,0.7347060482925823,1,0.6935877529904246,2,1,0.8596875241348026,1.0439303285633996
0.1675210557878017,0.3368668174371123,0.2668791605422494,1.1767123976529417,3,0.0096187125891447,2,1,0.7925186789609686,1.02889446798302
0.5334125952795148,0.3368668174371123,0.2668791605422494,1.1767123976529417,3,0.0096187125891447,2,1,0.8086237565083405,1.023076636166256
0.1675210557878017,0.1090910704806447,0.2668791605422494,1.1767123976529417,3,0.0096187125891447,2,1,0.6598160098628337,1.0093791232437834
0.1675210557878017,0.3368668174371123,0.5818583605810851,1.1767123976529417,3,0.0096187125891447,2,1,0.85734071191038,0.9781420385147355
0.1675210557878017,0.3368668174371123,0.2668791605422494,0.4687997278931063,3,0.0096187125891447,2,1,0.8607466434655334,1.0206214765126422
0.1675210557878017,0.3368668174371123,0.2668791605422494,1.1767123976529417,3,0.0096187125891447,2,1,0.7994431926387952,0.9775680208066728
0.1675210557878017,0.3368668174371123,0.2668791605422494,1.1767123976529417,3,0.0823454391211271,2,1,0.7994073103900157,1.0032023940941392
0.1675210557878017,0.3368668174371123,0.2668791605422494,1.1767123976529417,3,0.0096187125891447,1,1,0.8025678200205433,1.0072240116224096
0.1675210557878017,0.3368668174371123,0.2668791605422494,1.1767123976529417,3,0.0096187125891447,2,0,0.7035723051468046,0.9843772059698792
0.5334125952795148,0.1090910704806447,0.5818583605810851,1.4142135623730951,3,0.0823454391211271,1,0,0.8241827161819935,1.021813883475344
0.0197494868189096,0.5999274291098118,0.4581415485479744,1.3394520363207318,3,0.482359416782856,2,0,0.7868680076108763,1.0319490343740656
0.0039272867143154,0.5999274291098118,0.4581415485479744,1.3394520363207318,3,0.482359416782856,2,0,0.8168560405651543,1.022650780091352
0.0197494868189096,0.5721363835036755,0.4581415485479744,1.3394520363207318,3,0.482359416782856,2,0,0.8205406542325921,1.018567485661407
0.0197494868189096,0.5999274291098118,1.0128094124529308,1.3394520363207318,3,0.482359416782856,2,0,1.0745592445268008,1.0094037212097866
0.0197494868189096,0.5999274291098118,0.4581415485479744,0.6215043494444223,3,0.482359416782856,2,0,0.8409233539065687,1.0425764887998716
0.0197494868189096,0.5999274291098118,0.4581415485479744,1.3394520363207318,1,0.482359416782856,2,0,0.8080409270582956,0.9812598321113074
0.0197494868189096,0.5999274291098118,0.4581415485479744,1.3394520363207318,3,0.3159708948805928,2,0,0.8078274728741671,1.020868776282238
0.0197494868189096,0.5999274291098118,0.4581415485479744,1.3394520363207318,3,0.482359416782856,1,0,0.8238381490795597,1.060627638051326
0.0197494868189096,0.5999274291098118,0.4581415485479744,1.3394520363207318,3,0.482359416782856,2,0,0.8160039455983543,1.035231803772063
0.0039272867143154,0.5721363835036755,1.0128094124529308,1.4142135623730951,1,0.3159708948805928,1,0,1.1080655038893013,0.9475759077683383
0.7317166524007916,0.4032102897763252,0.8048318754044579,1.4142135623730951,0,0.6516190320253372,1,1,0.8783512993454241,0.9473487894643595
0.7398492312058806,0.4032102897763252,0.8048318754044579,1.4142135623730951,0,0.6516190320253372,1,1,0.8905763399587114,1.0139084581949895
0.7317166524007916,0.4418478487059474,0.8048318754044579,1.4142135623730951,0,0.6516190320253372,1,1,0.8630825019293386,0.9736850996072102
0.7317166524007916,0.4032102897763252,0.5000319295344127,0.5679684254294997,0,0.6516190320253372,1,1,0.8342239707705198,0.928673162333718
0.7317166524007916,0.4032102897763252,0.8048318754044579,0.8874113362909404,0,0.6516190320253372,1,1,0.8599816340585835,1.0189074167510364
0.7317166524007916,0.4032102897763252,0.8048318754044579,1.4142135623730951,3,0.6516190320253372,1,1,0.9180037958138055,1.1471273803602982
0.7317166524007916,0.4032102897763252,0.8048318754044579,1.4142135623730951,0,0.9549726992845536,1,1,0.8577790247884853,1.230394248286376
0.7317166524007916,0.4032102897763252,0.8048318754044579,1.4142135623730951,0,0.6516190320253372,2,1,0.863334074423063,0.8780203305897194
0.7317166524007916,0.4032102897763252,0.8048318754044579,1.4142135623730951,0,0.6516190320253372,1,1,0.8653634529184399,0.9818121070430069
0.7398492312058806,0.4418478487059474,0.5000319295344127,0.8874113362909404,3,0.9549726992845536,2,1,0.8502399888511564,1.0525730222017604
0.99465592764318,0.8698965832591057,0.0898427537309104,0.9073642378464316,1,0.9106647986918688,3,1,0.6823527360739463,1.0023845703368188
0.9617091044783592,0.8698965832591057,0.0898427537309104,0.9073642378464316,1,0.9106647986918688,3,1,0.6802382685777829,0.9702422879517774
0.99465592764318,0.1822825036942958,0.0898427537309104,0.9073642378464316,1,0.9106647986918688,3,1,0.5720958008340642,1.1031318485605757
0.99465592764318,0.8698965832591057,0.1546002827473037,0.9073642378464316,1,0.9106647986918688,3,1,0.8164985387991051,1.045739157755813
0.99465592764318,0.8698965832591057,0.0898427537309104,1.111275161142257,1,0.9106647986918688,3,1,0.45906531241211646,1.0504169127201488
0.99465592764318,0.8698965832591057,0.0898427537309104,0.9073642378464316,0,0.9106647986918688,3,1,0.6755803668807838,1.0731602863984038
0.99465592764318,0.8698965832591057,0.0898427537309104,0.9073642378464316,1,0.1680666236206889,3,1,0.6344517553217773,0.9660846293819384
0.99465592764318,0.8698965832591057,0.0898427537309104,0.9073642378464316,1,0.9106647986918688,3,1,0.8004310801646208,1.0438346585208713
0.99465592764318,0.8698965832591057,0.0898427537309104,0.9073642378464316,1,0.9106647986918688,3,0,0.7325301066252838,1.0447954531557564
0.9617091044783592,0.1822825036942958,0.1546002827473037,1.111275161142257,0,0.1680666236206889,3,0,0.3783930689931848,0.9458325798795802
0.253879570402205,0.1254516132175922,1.1662576255841686,1.4142135623730951,2,0.2052343729883432,1,0,1.0144969034847047,0.9884828053533055
0.2903625844046473,0.1254516132175922,1.1662576255841686,1.4142135623730951,2,0.2052343729883432,1,0,1.022931043462763,1.016476475148768
0.253879570402205,0.8037323681637645,1.1662576255841686,1.4142135623730951,2,0.2052343729883432,1,0,1.2483060545739961,1.0213746017893959
0.253879570402205,0.1254516132175922,1.359859168950604,1.4142135623730951,2,0.2052343729883432,1,0,1.0474750294771105,1.0419989824703135
0.253879570402205,0.1254516132175922,1.1662576255841686,1.4142135623730951,2,0.2052343729883432,1,0,1.0072182330801,1.0356386024169115
0.253879570402205,0.1254516132175922,1.1662576255841686,1.4142135623730951,2,0.2052343729883432,1,0,1.0157691547999803,1.010651183917466
0.253879570402205,0.1254516132175922,1.1662576255841686,1.4142135623730951,2,0.5609747599810362,1,0,1.0083167233031474,1.0525777202557631
0.253879570402205,0.1254516132175922,1.1662576255841686,1.4142135623730951,2,0.2052343729883432,1,0,1.0073650232835951,1.0162192435977049
0.253879570402205,0.1254516132175922,1.1662576255841686,1.4142135623730951,2,0.2052343729883432,1,1,1.0254285861435743,0.9856995367420944
0.2903625844046473,0.8037323681637645,1.359859168950604,1.4142135623730951,2,0.5609747599810362,1,1,1.554339517575622,1.0358738767853897
0.2903863312676549,0.8251281920820475,0.6914974153005775,1.063585206530415,0,0.6675130408257246,2,1,0.8579733258773803,0.9678673031742016
0.4455440081655979,0.8251281920820475,0.6914974153005775,1.063585206530415,0,0.6675130408257246,2,1,0.8596875241348024,1.011090250870761
0.2903863312676549,0.2006296701729297,0.6914974153005775,1.063585206530415,0,0.6675130408257246,2,1,0.8472856770958477,0.9583831864703687
0.2903863312676549,0.8251281920820475,1.3945091230750206,1.4142135623730951,0,0.6675130408257246,2,1,1.5281304374826121,1.04119516683658
0.2903863312676549,0.8251281920820475,0.6914974153005775,1.4142135623730951,0,0.6675130408257246,2,1,0.9549197543743672,1.002531258784859
0.2903863312676549,0.8251281920820475,0.6914974153005775,1.063585206530415,1,0.6675130408257246,2,1,0.8599816340585832,0.9381694837839609
0.2903863312676549,0.8251281920820475,0.6914974153005775,1.063585206530415,0,0.6423544008284807,2,1,0.8588388352203021,0.9628567451414338
0.2903863312676549,0.8251281920820475,0.6914974153005775,1.063585206530415,0,0.6675130408257246,3,1,0.8596875241348024,0.9482126541043736
0.2903863312676549,0.8251281920820475,0.6914974153005775,1.063585206530415,0,0.6675130408257246,2,0,0.8591329451440824,0.9674684597402038
0.4455440081655979,0.2006296701729297,1.3945091230750206,1.4142135623730951,1,0.6423544008284807,3,0,1.0758054131098556,0.9173965683186581
0.9532665628939868,0.1780936624854803,1.0520877675275977,1.4142135623730951,3,0.4659621175378561,2,0,0.9993915753491756,1.0292894967760218
0.8062829216942191,0.1780936624854803,1.0520877675275977,1.4142135623730951,3,0.4659621175378561,2,0,0.9908784684422244,1.017156662144552
0.9532665628939868,0.8133392436429858,1.0520877675275977,1.4142135623730951,3,0.4659621175378561,2,0,1.2134886971420413,1.015655758324886
0.9532665628939868,0.1780936624854803,0.0979607530530028,0.4647458872697357,3,0.4659621175378561,2,0,0.8572454409520607,1.0389711229719953
0.9532665628939868,0.1780936624854803,1.0520877675275977,1.4142135623730951,3,0.4659621175378561,2,0,0.994334380646106,1.0130799758106857
0.9532665628939868,0.1780936624854803,1.0520877675275977,1.4142135623730951,3,0.4659621175378561,2,0,1.016553513079826,1.0296460260942581
0.9532665628939868,0.1780936624854803,1.0520877675275977,1.4142135623730951,3,0.0035890480503439,2,0,0.991246841555638,1.0159961527906147
0.9532665628939868,0.1780936624854803,1.0520877675275977,1.4142135623730951,3,0.4659621175378561,2,0,0.9995800310701984,1.0191921071346395
0.9532665628939868,0.1780936624854803,1.0520877675275977,1.4142135623730951,3,0.4659621175378561,2,1,0.9990808173742144,1.0223889592806343
0.8062829216942191,0.8133392436429858,0.0979607530530028,1.0371947979675478,3,0.0035890480503439,2,1,0.6335828473179442,0.990313573522006
0.6952101001515985,0.5785948690026999,0.3508227239371222,0.8324583101056249,2,0.221567053347826,1,0,0.8381272622145726,1.0388712622761496
0.5204599797725677,0.5785948690026999,0.3508227239371222,0.8324583101056249,2,0.221567053347826,1,0,0.8324709372048271,0.9816096708758857
0.6952101001515985,0.5605754889547825,0.3508227239371222,0.8324583101056249,2,0.221567053347826,1,0,0.8499953345925491,1.029043289856604
0.6952101001515985,0.5785948690026999,0.4461765468957566,0.8324583101056249,2,0.221567053347826,1,0,0.8541117870350252,1.0049430040083664
0.6952101001515985,0.5785948690026999,0.3508227239371222,1.1617020425343438,2,0.221567053347826,1,0,0.8163552666015366,1.0372312413075067
0.6952101001515985,0.5785948690026999,0.3508227239371222,0.8324583101056249,0,0.221567053347826,1,0,0.8416198738182991,1.0003986472788464
0.6952101001515985,0.5785948690026999,0.3508227239371222,0.8324583101056249,2,0.8733565472066402,1,0,0.8463659769462454,1.088759465453734
0.6952101001515985,0.5785948690026999,0.3508227239371222,0.8324583101056249,2,0.221567053347826,1,0,0.8528018725979398,1.0448243499487935
0.6952101001515985,0.5785948690026999,0.3508227239371222,0.8324583101056249,2,0.221567053347826,1,0,0.8180894437994634,1.0345988993479796
0.5204599797725677,0.5605754889547825,0.4461765468957566,1.1617020425343438,0,0.8733565472066402,1,0,0.7946143461174359,1.2224587942429685
0.0611390601843595,0.416791507974267,1.3969380630768606,1.4142135623730951,1,0.8948359005153179,3,1,1.2899771599731744,1.0332858107236778
0.2240523798391223,0.416791507974267,1.3969380630768606,1.4142135623730951,1,0.8948359005153179,3,1,1.2042242896503599,1.0132131508708684
0.0611390601843595,0.4254545820876956,1.3969380630768606,1.4142135623730951,1,0.8948359005153179,3,1,1.3044990719046246,1.0341824884331323
0.0611390601843595,0.416791507974267,1.0444601230803272,1.4142135623730951,1,0.8948359005153179,3,1,1.083109963674265,1.017216943844475
0.0611390601843595,0.416791507974267,1.3969380630768606,1.4142135623730951,1,0.8948359005153179,3,1,1.2239428287579552,1.0037205221454333
0.0611390601843595,0.416791507974267,1.3969380630768606,1.4142135623730951,2,0.8948359005153179,3,1,1.2528028886564866,1.0275527071200117
0.0611390601843595,0.416791507974267,1.3969380630768606,1.4142135623730951,1,0.4806849816814065,3,1,1.172053379855012,0.9018878929867867
0.0611390601843595,0.416791507974267,1.3969380630768606,1.4142135623730951,1,0.8948359005153179,2,1,1.205207271147301,1.0039680335727927
0.0611390601843595,0.416791507974267,1.3969380630768606,1.4142135623730951,1,0.8948359005153179,3,1,1.1696833965317575,0.9525783293791577
0.2240523798391223,0.4254545820876956,1.0444601230803272,1.4142135623730951,2,0.4806849816814065,2,1,1.0431181047174916,1.0287191869451107
0.1261316910386085,0.6449417108669877,0.8755692717274727,1.4142135623730951,1,0.6098365876823664,1,0,0.9497123430774489,1.10332384142138
0.690790506079793,0.6449417108669877,0.8755692717274727,1.4142135623730951,1,0.6098365876823664,1,0,0.8832455120847463,0.985818110049257
0.1261316910386085,0.8962471876293421,0.8755692717274727,1.4142135623730951,1,0.6098365876823664,1,0,0.9223095883975944,1.0015498388947892
0.1261316910386085,0.6449417108669877,0.5473362009697097,1.4142135623730951,1,0.6098365876823664,1,0,0.8636316310545573,1.0334208851617204
0.1261316910386085,0.6449417108669877,0.8755692717274727,1.4142135623730951,1,0.6098365876823664,1,0,0.891959377784139,0.9751576164201688
0.1261316910386085,0.6449417108669877,0.8755692717274727,1.4142135623730951,0,0.6098365876823664,1,0,0.9261141664400819,0.9101394111913982
0.1261316910386085,0.6449417108669877,0.8755692717274727,1.4142135623730951,1,0.245999040082097,1,0,0.8816849245690219,0.8873324272656921
0.1261316910386085,0.6449417108669877,0.8755692717274727,1.4142135623730951,1,0.6098365876823664,3,0,0.9515415887334111,0.9003287294318031
0.1261316910386085,0.6449417108669877,0.8755692717274727,1.4142135623730951,1,0.6098365876823664,1,1,0.8869304953000917,1.0329588068032585
0.690790506079793,0.8962471876293421,0.5473362009697097,1.4142135623730951,0,0.245999040082097,3,1,0.8695267918917775,0.8601995275708302
0.6175184017047286,0.3582604127004742,0.5144623624567469,0.9820777112231366,2,0.2566705513745546,3,1,0.8582726545573858,0.9844251409856095
0.0495609724894166,0.3582604127004742,0.5144623624567469,0.9820777112231366,2,0.2566705513745546,3,1,0.844738076211586,0.9798171085704754
0.6175184017047286,0.0238497154787182,0.5144623624567469,0.9820777112231366,2,0.2566705513745546,3,1,0.7985223609983686,1.0237549921566544
0.6175184017047286,0.3582604127004742,0.7886205445204529,0.9820777112231366,2,0.2566705513745546,3,1,0.8599816340585835,1.0181467338724612
0.6175184017047286,0.3582604127004742,0.5144623624567469,1.3594865302236732,2,0.2566705513745546,3,1,0.8332041240172515,0.9893513121920177
0.6175184017047286,0.3582604127004742,0.5144623624567469,0.9820777112231366,2,0.2566705513745546,3,1,0.8374127951236576,0.9829243321894562
0.6175184017047286,0.3582604127004742,0.5144623624567469,0.9820777112231366,2,0.6030833562836051,3,1,0.8404456974281781,0.9988369921575614
0.6175184017047286,0.3582604127004742,0.5144623624567469,0.9820777112231366,2,0.2566705513745546,1,1,0.8379140327657556,1.0134355521350054
0.6175184017047286,0.3582604127004742,0.5144623624567469,0.9820777112231366,2,0.2566705513745546,3,0,0.8457384337641135,0.9936052736396931
0.0495609724894166,0.0238497154787182,0.7886205445204529,1.3594865302236732,2,0.6030833562836051,1,0,0.7669023826976996,1.1104541898857563
0.8589727021753788,0.8837845670059323,1.2199016509971656,1.4142135623730951,3,0.0557401180267334,2,1,1.4397502607359125,0.9872669141914314
0.2808277662843466,0.8837845670059323,1.2199016509971656,1.4142135623730951,3,0.0557401180267334,2,1,1.3481176781065338,1.0187854670424528
0.8589727021753788,0.3503096047788858,1.2199016509971656,1.4142135623730951,3,0.0557401180267334,2,1,1.069311182671699,0.9990933758729821
0.8589727021753788,0.8837845670059323,1.1476413441576605,1.4142135623730951,3,0.0557401180267334,2,1,1.4920002546862603,0.9992544497087009
0.8589727021753788,0.8837845670059323,1.2199016509971656,1.4142135623730951,3,0.0557401180267334,2,1,1.3728352722444355,1.0086109679072102
0.8589727021753788,0.8837845670059323,1.2199016509971656,1.4142135623730951,1,0.0557401180267334,2,1,1.2837010768349852,0.9333040806640456
0.8589727021753788,0.8837845670059323,1.2199016509971656,1.4142135623730951,3,0.2699713073670864,2,1,1.3435298028905243,1.012797283616235
0.8589727021753788,0.8837845670059323,1.2199016509971656,1.4142135623730951,3,0.0557401180267334,1,1,1.4621550134012549,0.9925997931694384
0.8589727021753788,0.8837845670059323,1.2199016509971656,1.4142135623730951,3,0.0557401180267334,2,1,1.2692530266210824,0.9810845245979429
0.2808277662843466,0.3503096047788858,1.1476413441576605,1.4142135623730951,1,0.2699713073670864,1,1,1.1129635183492381,0.9103280848302775
0.3973717493936419,0.1116279745474457,0.1743055662994374,1.2813085490208802,0,0.8278745040297508,2,0,0.3861699594811429,1.0004695771382217
0.982482356019318,0.1116279745474457,0.1743055662994374,1.2813085490208802,0,0.8278745040297508,2,0,0.4006602858532451,1.1300564051772803
0.3973717493936419,0.729592596180737,0.1743055662994374,1.2813085490208802,0,0.8278745040297508,2,0,0.5342962947083967,1.0787344466280864
0.3973717493936419,0.1116279745474457,0.1901492818340182,1.2813085490208802,0,0.8278745040297508,2,0,0.4120970315156957,1.1010861290034426
0.3973717493936419,0.1116279745474457,0.1743055662994374,0.4405488955337845,0,0.8278745040297508,2,0,0.8605530334777237,0.9818103400575444
0.3973717493936419,0.1116279745474457,0.1743055662994374,1.2813085490208802,3,0.8278745040297508,2,0,0.40212088037114146,1.0008001293464996
0.3973717493936419,0.1116279745474457,0.1743055662994374,1.2813085490208802,0,0.8809617916122079,2,0,0.3953343449699075,1.0595645401158615
0.3973717493936419,0.1116279745474457,0.1743055662994374,1.2813085490208802,0,0.8278745040297508,3,0,0.4012037535815632,1.0646930294175114
0.3973717493936419,0.1116279745474457,0.1743055662994374,1.2813085490208802,0,0.8278745040297508,2,0,0.40095287868504476,1.080938962106269
0.982482356019318,0.729592596180737,0.1901492818340182,0.4405488955337845,3,0.8809617916122079,3,0,0.8404326521230935,1.0017980906278
0.479880872182548,0.5623683221638203,1.1442369680305964,1.4142135623730951,3,0.9386621536687016,1,0,1.1932040310777385,1.153870524042116
0.628664874471724,0.5623683221638203,1.1442369680305964,1.4142135623730951,3,0.9386621536687016,1,0,1.158782285748673,1.1357706293171825
0.479880872182548,0.4795645354315638,1.1442369680305964,1.4142135623730951,3,0.9386621536687016,1,0,1.1403748458244782,1.1408116606227348
0.479880872182548,0.5623683221638203,0.3431170366972998,0.9553365183913802,3,0.9386621536687016,1,0,0.8021696119559648,1.0847764893088123
0.479880872182548,0.5623683221638203,1.1442369680305964,1.4142135623730951,3,0.9386621536687016,1,0,1.1374504091696844,1.1232395185982298
0.479880872182548,0.5623683221638203,1.1442369680305964,1.4142135623730951,2,0.9386621536687016,1,0,1.181975287328197,1.0802826406734582
0.479880872182548,0.5623683221638203,1.1442369680305964,1.4142135623730951,3,0.3679560907185077,1,0,1.181247229690066,1.0777604925258786
0.479880872182548,0.5623683221638203,1.1442369680305964,1.4142135623730951,3,0.9386621536687016,1,0,1.091864966051492,1.1114195756151353
0.479880872182548,0.5623683221638203,1.1442369680305964,1.4142135623730951,3,0.9386621536687016,1,1,1.2145977608140157,1.1080443510631524
0.628664874471724,0.4795645354315638,0.3431170366972998,0.6839616931299093,2,0.3679560907185077,1,1,0.8585447252965194,1.0659186041116504
0.7676847092807293,0.4427993819117546,0.0690343238342085,0.310923306073689,0,0.1793098943307995,3,1,0.8619731218113651,0.9243863691953008
0.1116874683648347,0.4427993819117546,0.0690343238342085,0.310923306073689,0,0.1793098943307995,3,1,0.8409322658736842,0.8017815527252687
0.7676847092807293,0.6003386192023754,0.0690343238342085,0.310923306073689,0,0.1793098943307995,3,1,0.8519820421906142,0.8121300936123409
0.7676847092807293,0.4427993819117546,1.1699619608320846,1.4142135623730951,0,0.1793098943307995,3,1,1.0144116909244576,0.8057027330038804
0.7676847092807293,0.4427993819117546,0.0690343238342085,0.9497655202963408,0,0.1793098943307995,3,1,0.47012900706008237,1.0594155412201598
0.7676847092807293,0.4427993819117546,0.0690343238342085,0.310923306073689,0,0.1793098943307995,3,1,0.8520860257513739,0.8546820093186774
0.7676847092807293,0.4427993819117546,0.0690343238342085,0.310923306073689,0,0.9791296953335404,3,1,0.8548296087420272,1.051701410534964
0.7676847092807293,0.4427993819117546,0.0690343238342085,0.310923306073689,0,0.1793098943307995,2,1,0.8555144222662181,0.8715502380820399
0.7676847092807293,0.4427993819117546,0.0690343238342085,0.310923306073689,0,0.1793098943307995,3,0,0.8548726801431579,0.8461490351538953
0.1116874683648347,0.6003386192023754,1.1699619608320846,1.4142135623730951,0,0.9791296953335404,2,0,1.2629202631799428,1.043103835797217
0.5057211657986045,0.7844550684094429,0.7819615900684667,1.385736419876516,1,0.3831571107730269,2,1,0.9121562103711831,0.9684913383416185
0.3428325625136494,0.7844550684094429,0.7819615900684667,1.385736419876516,1,0.3831571107730269,2,1,0.8597112154364698,0.8838198217321696
0.5057211657986045,0.7738215057179332,0.7819615900684667,1.385736419876516,1,0.3831571107730269,2,1,0.8707239412591604,0.9074440781823229
0.5057211657986045,0.7844550684094429,0.8104819159626123,1.385736419876516,1,0.3831571107730269,2,1,0.8594736100937821,0.9172649424748573
0.5057211657986045,0.7844550684094429,0.7819615900684667,1.073952838672803,1,0.3831571107730269,2,1,0.8602589235539425,0.9495732896310858
0.5057211657986045,0.7844550684094429,0.7819615900684667,1.385736419876516,3,0.3831571107730269,2,1,0.8993411939001664,1.0200561223687625
0.5057211657986045,0.7844550684094429,0.7819615900684667,1.385736419876516,1,0.1478158924728632,2,1,0.8606570170384837,0.8938091834390112
0.5057211657986045,0.7844550684094429,0.7819615900684667,1.385736419876516,1,0.3831571107730269,3,1,0.8607466434655334,0.9219765344009454
0.5057211657986045,0.7844550684094429,0.7819615900684667,1.385736419876516,1,0.3831571107730269,2,1,0.859473610093783,0.856627707146789
0.3428325625136494,0.7738215057179332,0.8104819159626123,1.073952838672803,3,0.1478158924728632,3,1,0.8592141613569223,0.9939428380328917
0.2467262744903564,0.2128618992865085,0.4354421265358465,0.6104130624985474,2,0.7489927401766181,3,0,0.859759309803353,1.0168587965699671
0.9204786624759436,0.2128618992865085,0.4354421265358465,0.6104130624985474,2,0.7489927401766181,3,0,0.857188012417221,0.9944400416920673
0.2467262744903564,0.1462763510644436,0.4354421265358465,0.6104130624985474,2,0.7489927401766181,3,0,0.8525870824665966,1.0151491385324285
0.2467262744903564,0.2128618992865085,0.7037397537527093,1.4142135623730951,2,0.7489927401766181,3,0,0.8571854150183177,1.0133662879255454
0.2467262744903564,0.2128618992865085,0.4354421265358465,1.4142135623730951,2,0.7489927401766181,3,0,0.7798891574502419,1.0210810708447022
0.2467262744903564,0.2128618992865085,0.4354421265358465,0.6104130624985474,1,0.7489927401766181,3,0,0.8584610457889706,1.009641543415539
0.2467262744903564,0.2128618992865085,0.4354421265358465,0.6104130624985474,2,0.50508329924196,3,0,0.8605530334777237,0.9838133106483462
0.2467262744903564,0.2128618992865085,0.4354421265358465,0.6104130624985474,2,0.7489927401766181,2,0,0.8569597412424896,1.0202270307037056
0.2467262744903564,0.2128618992865085,0.4354421265358465,0.6104130624985474,2,0.7489927401766181,3,0,0.853368912301967,1.0233080746705605
0.9204786624759436,0.1462763510644436,0.7037397537527093,1.4142135623730951,1,0.50508329924196,2,0,0.8363168327896776,0.9521289785847002
0.0655146595090627,0.9759236192330718,0.2455513023477872,0.4034793448370072,2,0.7761275703087449,1,1,0.8619731218113652,1.1952201208511928
0.3834328642114997,0.9759236192330718,0.2455513023477872,0.4034793448370072,2,0.7761275703087449,1,1,0.8571246369628808,1.0798011782969825
0.0655146595090627,0.6754263760522008,0.2455513023477872,0.4034793448370072,2,0.7761275703087449,1,1,0.8616527609148746,1.138841627937811
0.0655146595090627,0.9759236192330718,0.8916231867664673,1.4142135623730951,2,0.7761275703087449,1,1,0.8606570170384835,1.0982837945565525
0.0655146595090627,0.9759236192330718,0.2455513023477872,0.2988310485978376,2,0.7761275703087449,1,1,0.8604506003949165,1.150065143046254
0.0655146595090627,0.9759236192330718,0.2455513023477872,0.4034793448370072,3,0.7761275703087449,1,1,0.859282802437412,1.1397211054546081
0.0655146595090627,0.9759236192330718,0.2455513023477872,0.4034793448370072,2,0.7684747762978077,1,1,0.8585447252965206,1.1293294558388858
0.0655146595090627,0.9759236192330718,0.2455513023477872,0.4034793448370072,2,0.7761275703087449,2,1,0.8607441498494159,1.036991096589392
0.0655146595090627,0.9759236192330718,0.2455513023477872,0.4034793448370072,2,0.7761275703087449,1,0,0.8561089921521662,1.1105059663670855
0.3834328642114997,0.6754263760522008,0.8916231867664673,1.4142135623730951,3,0.7684747762978077,2,0,0.9451630166188673,1.0353236782948463
0.6820385837927461,0.029208387248218,1.3212732009861852,1.4142135623730951,1,0.1058827945962548,2,0,0.9333013880811064,0.8994527938628195
0.8683932609856129,0.029208387248218,1.3212732009861852,1.4142135623730951,1,0.1058827945962548,2,0,0.9363218654189815,0.8796182521860086
0.6820385837927461,0.3106046486645937,1.3212732009861852,1.4142135623730951,1,0.1058827945962548,2,0,1.0899942786024035,0.9000818732112623
0.6820385837927461,0.029208387248218,0.4237251011351985,1.224636799377982,1,0.1058827945962548,2,0,0.511353694818013,0.9385636746790983
0.6820385837927461,0.029208387248218,1.3212732009861852,1.4142135623730951,1,0.1058827945962548,2,0,0.9296652557588483,0.8682825808416119
0.6820385837927461,0.029208387248218,1.3212732009861852,1.4142135623730951,1,0.1058827945962548,2,0,0.9292295587924493,0.884129645684415
0.6820385837927461,0.029208387248218,1.3212732009861852,1.4142135623730951,1,0.3754980498924851,2,0,0.9343882327254984,0.9340591350416557
0.6820385837927461,0.029208387248218,1.3212732009861852,1.4142135623730951,1,0.1058827945962548,3,0,0.9185535029454152,0.8705772687389698
0.6820385837927461,0.029208387248218,1.3212732009861852,1.4142135623730951,1,0.1058827945962548,2,1,0.9142357364275269,0.8811409598826009
0.8683932609856129,0.3106046486645937,0.4237251011351985,1.271844479456115,1,0.3754980498924851,3,1,0.8180303832755083,0.9239267500233894
0.9195877108722924,0.7459022803232074,0.6124770213289952,1.4142135623730951,0,0.3317103264853358,1,0,0.8734052859892244,0.9436748063876068
0.5824483884498477,0.7459022803232074,0.6124770213289952,1.4142135623730951,0,0.3317103264853358,1,0,0.8930604620122783,0.965169046435435
0.9195877108722924,0.0633111866191029,0.6124770213289952,1.4142135623730951,0,0.3317103264853358,1,0,0.7407636298118966,0.8875250795841058
0.9195877108722924,0.7459022803232074,0.0762275027619606,0.1726113670393317,0,0.3317103264853358,1,0,0.8566680946134204,0.8689018644343226
0.9195877108722924,0.7459022803232074,0.6124770213289952,0.7937806543064486,0,0.3317103264853358,1,0,0.8333644083470967,0.8916328157613791
0.9195877108722924,0.7459022803232074,0.6124770213289952,1.4142135623730951,2,0.3317103264853358,1,0,0.9302237216422186,1.0232086091353718
0.9195877108722924,0.7459022803232074,0.6124770213289952,1.4142135623730951,0,0.7475566063076258,1,0,0.8691390423461999,1.1001546662755874
0.9195877108722924,0.7459022803232074,0.6124770213289952,1.4142135623730951,0,0.3317103264853358,3,0,0.8895481091119497,0.8733630468989341
0.9195877108722924,0.7459022803232074,0.6124770213289952,1.4142135623730951,0,0.3317103264853358,1,0,0.8457657414684695,0.8721554394756929
0.5824483884498477,0.0633111866191029,0.0762275027619606,0.7937806543064486,2,0.7475566063076258,3,0,0.8069835157802704,1.0080259795927002
0.3328492986038327,0.2514554029330611,0.9584799278179098,1.4142135623730951,3,0.5361575288698077,3,1,0.8994775598212662,1.0206033983032203
0.1620629280805587,0.2514554029330611,0.9584799278179098,1.4142135623730951,3,0.5361575288698077,3,1,0.8985190165464679,1.0178143161602722
0.3328492986038327,0.950658680871129,0.9584799278179098,1.4142135623730951,3,0.5361575288698077,3,1,0.8788824942568157,0.9987801386868188
0.3328492986038327,0.2514554029330611,1.237977438604192,1.4142135623730951,3,0.5361575288698077,3,1,1.1009500888570107,1.0214516793617068
0.3328492986038327,0.2514554029330611,0.9584799278179098,1.4142135623730951,3,0.5361575288698077,3,1,0.9389085149143662,1.020189035207912
0.3328492986038327,0.2514554029330611,0.9584799278179098,1.4142135623730951,0,0.5361575288698077,3,1,0.8672389515873343,0.8294691047762065
0.3328492986038327,0.2514554029330611,0.9584799278179098,1.4142135623730951,3,0.1084860628470778,3,1,0.8841370159519057,1.01779134577712
0.3328492986038327,0.2514554029330611,0.9584799278179098,1.4142135623730951,3,0.5361575288698077,1,1,0.9088566110876939,1.1214745221041897
0.3328492986038327,0.2514554029330611,0.9584799278179098,1.4142135623730951,3,0.5361575288698077,3,1,0.9193648827631209,1.0120545777547374
0.1620629280805587,0.950658680871129,1.237977438604192,1.4142135623730951,0,0.1084860628470778,1,1,1.549390389885104,0.94276371085753
0.3177460124716162,0.9483109060674906,1.3551300739109051,1.4142135623730951,1,0.7297755712643266,1,1,1.5380062376273411,1.0692865688849784
0.7925694873556495,0.9483109060674906,1.3551300739109051,1.4142135623730951,1,0.7297755712643266,1,1,1.5315515331528782,0.9942278552801446
0.3177460124716162,0.0064439503476023,1.3551300739109051,1.4142135623730951,1,0.7297755712643266,1,1,0.817315044405035,0.9612780028110046
0.3177460124716162,0.9483109060674906,0.8720094514376554,1.2417970560194975,1,0.7297755712643266,1,1,0.8597855607760629,1.0569462403873722
0.3177460124716162,0.9483109060674906,1.3551300739109051,1.4142135623730951,1,0.7297755712643266,1,1,1.4867767269209868,1.1290786330791318
0.3177460124716162,0.9483109060674906,1.3551300739109051,1.4142135623730951,2,0.7297755712643266,1,1,1.6529095348004215,1.0556602352183377
0.3177460124716162,0.9483109060674906,1.3551300739109051,1.4142135623730951,1,0.7566688545048237,1,1,1.634967307797107,1.1107451054024715
0.3177460124716162,0.9483109060674906,1.3551300739109051,1.4142135623730951,1,0.7297755712643266,1,1,1.417792924723513,1.1098771725593464
0.3177460124716162,0.9483109060674906,1.3551300739109051,1.4142135623730951,1,0.7297755712643266,1,0,1.3302039142816962,0.9942135011867633
0.7925694873556495,0.0064439503476023,0.8720094514376554,0.9230082207830084,2,0.7566688545048237,1,0,0.7530690523484229,1.0520063853836827
0.933720126748085,0.0484706666320562,0.2986580739802819,0.643173612916891,2,0.4042050251737237,3,0,0.8596038446272521,1.0107005156825144
0.4629282839596271,0.0484706666320562,0.2986580739802819,0.643173612916891,2,0.4042050251737237,3,0,0.8034553902082903,0.9825935527911528
0.933720126748085,0.8859439454972744,0.2986580739802819,0.643173612916891,2,0.4042050251737237,3,0,0.8555144222662171,1.006811043466539
0.933720126748085,0.0484706666320562,0.618994206953481,0.643173612916891,2,0.4042050251737237,3,0,0.8356500060236607,0.9883266244397794
0.933720126748085,0.0484706666320562,0.2986580739802819,0.6585851322763278,2,0.4042050251737237,3,0,0.8451757104461869,1.0224162566042236
0.933720126748085,0.0484706666320562,0.2986580739802819,0.643173612916891,0,0.4042050251737237,3,0,0.8134999921045394,0.9600269434195097
0.933720126748085,0.0484706666320562,0.2986580739802819,0.643173612916891,2,0.3952548736706376,3,0,0.8273671777408319,0.9988000747803496
0.933720126748085,0.0484706666320562,0.2986580739802819,0.643173612916891,2,0.4042050251737237,3,0,0.7450500523801956,1.0347376874176013
0.933720126748085,0.0484706666320562,0.2986580739802819,0.643173612916891,2,0.4042050251737237,3,1,0.8433134368967977,1.0290680443733664
0.4629282839596271,0.8859439454972744,0.618994206953481,0.6585851322763278,0,0.3952548736706376,3,1,0.8596528629478826,0.9227250813481082
0.6678508101031184,0.7104770001024008,1.015857998055756,1.4142135623730951,3,0.1583279548212885,2,0,1.1365652105896862,1.0192827813814769
0.2415488315746188,0.7104770001024008,1.015857998055756,1.4142135623730951,3,0.1583279548212885,2,0,1.229216441835323,1.0065669900638539
0.6678508101031184,0.7401710031554103,1.015857998055756,1.4142135623730951,3,0.1583279548212885,2,0,1.1484876518789255,1.0013279606104524
0.6678508101031184,0.7104770001024008,0.2731790976019078,1.010885933019837,3,0.1583279548212885,2,0,0.831941065935253,0.9862264202898079
0.6678508101031184,0.7104770001024008,1.015857998055756,1.4142135623730951,3,0.1583279548212885,2,0,1.2397492146069156,0.9875202963782628
0.6678508101031184,0.7104770001024008,1.015857998055756,1.4142135623730951,3,0.1583279548212885,2,0,1.1830644732595175,0.9979197182042508
0.6678508101031184,0.7104770001024008,1.015857998055756,1.4142135623730951,3,0.7277842257171869,2,0,1.1601638757309685,1.0390937277466925
0.6678508101031184,0.7104770001024008,1.015857998055756,1.4142135623730951,3,0.1583279548212885,3,0,1.1280614820932697,1.014582938978127
0.6678508101031184,0.7104770001024008,1.015857998055756,1.4142135623730951,3,0.1583279548212885,2,0,1.1730854349285278,1.0044549345051133
0.2415488315746188,0.7401710031554103,0.2731790976019078,1.4142135623730951,3,0.7277842257171869,3,0,0.7631301812345334,1.0063414439603742
0.0806846879422664,0.2941551301628351,0.6449109850378509,1.4142135623730951,0,0.9575695497915148,2,1,0.8466976409995304,1.0863500268538389
0.5066150575876236,0.2941551301628351,0.6449109850378509,1.4142135623730951,0,0.9575695497915148,2,1,0.8777931675204986,1.1574956898402053
0.0806846879422664,0.367442112416029,0.6449109850378509,1.4142135623730951,0,0.9575695497915148,2,1,0.8720119605758396,1.10985066883589
0.0806846879422664,0.2941551301628351,1.218924074602291,1.4142135623730951,0,0.9575695497915148,2,1,1.0760042373085799,1.1949782174183103
0.0806846879422664,0.2941551301628351,0.6449109850378509,1.14145029348113,0,0.9575695497915148,2,1,0.8385356005525283,1.0586075425426245
0.0806846879422664,0.2941551301628351,0.6449109850378509,1.4142135623730951,1,0.9575695497915148,2,1,0.854891336787567,0.9905350872522065
0.0806846879422664,0.2941551301628351,0.6449109850378509,1.4142135623730951,0,0.120276547037065,2,1,0.8462686945257912,0.8486090683336761
0.0806846879422664,0.2941551301628351,0.6449109850378509,1.4142135623730951,0,0.9575695497915148,1,1,0.8515208042140225,1.1854251211805016
0.0806846879422664,0.2941551301628351,0.6449109850378509,1.4142135623730951,0,0.9575695497915148,2,1,0.8556695049774791,1.1520186802189603
0.5066150575876236,0.367442112416029,1.218924074602291,1.4142135623730951,1,0.120276547037065,1,1,1.1278322417203186,0.9194759363484925
0.2316154185682535,0.5191344851627946,0.1221395676434446,1.4142135623730951,0,0.5475912215188146,2,0,0.38566619286397813,1.0914810981915553
0.0321863228455185,0.5191344851627946,0.1221395676434446,1.4142135623730951,0,0.5475912215188146,2,0,0.40124268529004836,1.0724624765864195
0.2316154185682535,0.8419540198519826,0.1221395676434446,1.4142135623730951,0,0.5475912215188146,2,0,0.40564342882151244,1.0138730060818262
0.2316154185682535,0.5191344851627946,0.0145723466296265,0.0285843482741226,0,0.5475912215188146,2,0,0.8536868099037471,0.8936605565995296
0.2316154185682535,0.5191344851627946,0.1221395676434446,1.2968742033565883,0,0.5475912215188146,2,0,0.3852092761382186,1.07731158900054
0.2316154185682535,0.5191344851627946,0.1221395676434446,1.4142135623730951,3,0.5475912215188146,2,0,0.4089619320655788,1.0111730360078555
0.2316154185682535,0.5191344851627946,0.1221395676434446,1.4142135623730951,0,0.3564081974327564,2,0,0.38252483055275105,1.0371927268139411
0.2316154185682535,0.5191344851627946,0.1221395676434446,1.4142135623730951,0,0.5475912215188146,1,0,0.3726400655070861,0.9978581554687888
0.2316154185682535,0.5191344851627946,0.1221395676434446,1.4142135623730951,0,0.5475912215188146,2,1,0.4432752803765168,0.9988819182130146
0.0321863228455185,0.8419540198519826,0.0145723466296265,1.2968742033565883,3,0.3564081974327564,1,1,0.3415429644055006,1.0130181850001623
0.5198460118845105,0.4776905374601483,1.1780950105303625,1.4142135623730951,3,0.3184448080137372,2,1,1.0755067160466596,1.0274711644250312
0.7045134473592043,0.4776905374601483,1.1780950105303625,1.4142135623730951,3,0.3184448080137372,2,1,1.1711407253005697,1.0223054575937087
0.5198460118845105,0.2065617460757494,1.1780950105303625,1.4142135623730951,3,0.3184448080137372,2,1,1.05818790834072,1.0330662936236874
0.5198460118845105,0.4776905374601483,1.3228516175850755,1.4142135623730951,3,0.3184448080137372,2,1,1.2732406977644901,1.010324067154919
0.5198460118845105,0.4776905374601483,1.1780950105303625,1.4142135623730951,3,0.3184448080137372,2,1,1.1664667613269943,1.0382449110034415
0.5198460118845105,0.4776905374601483,1.1780950105303625,1.4142135623730951,1,0.3184448080137372,2,1,1.2686286854822884,0.9190548157123856
0.5198460118845105,0.4776905374601483,1.1780950105303625,1.4142135623730951,3,0.9986563855782152,2,1,1.176682481476853,1.043811933594744
0.5198460118845105,0.4776905374601483,1.1780950105303625,1.4142135623730951,3,0.3184448080137372,2,1,1.2016000211077644,0.9989246820590093
0.5198460118845105,0.4776905374601483,1.1780950105303625,1.4142135623730951,3,0.3184448080137372,2,0,1.1693839497841374,1.004484500101984
0.7045134473592043,0.2065617460757494,1.3228516175850755,1.4142135623730951,1,0.9986563855782152,2,0,1.0675184790424153,1.1621542703380554
0.7534893658012152,0.7646587835624814,0.467874583494868,1.4142135623730951,2,0.1189620560035109,1,1,0.8587221340016298,0.9823256662663897
0.9963177116587758,0.7646587835624814,0.467874583494868,1.4142135623730951,2,0.1189620560035109,1,1,0.8870627841003184,1.0221693884488003
0.7534893658012152,0.4193093301728368,0.467874583494868,1.4142135623730951,2,0.1189620560035109,1,1,0.8299037108118126,1.0117213926387323
0.7534893658012152,0.7646587835624814,0.9614301334566876,1.4142135623730951,2,0.1189620560035109,1,1,1.0080031998304104,1.0492567382530784
0.7534893658012152,0.7646587835624814,0.467874583494868,1.4142135623730951,2,0.1189620560035109,1,1,0.871071019473693,0.9733515659955991
0.7534893658012152,0.7646587835624814,0.467874583494868,1.4142135623730951,2,0.1189620560035109,1,1,0.8682973804375701,1.0011435104570108
0.7534893658012152,0.7646587835624814,0.467874583494868,1.4142135623730951,2,0.1283042822033167,1,1,0.8756459785289161,1.0507920044907562
0.7534893658012152,0.7646587835624814,0.467874583494868,1.4142135623730951,2,0.1189620560035109,3,1,0.8915732674610544,0.975633349875412
0.7534893658012152,0.7646587835624814,0.467874583494868,1.4142135623730951,2,0.1189620560035109,1,1,0.8860631605406988,1.011986829241752
0.9963177116587758,0.4193093301728368,0.9614301334566876,1.4142135623730951,2,0.1283042822033167,3,1,0.9612652421776939,0.9633369628027962
0.4950433308258652,0.2399406218901276,0.8393408509547834,1.10339881341028,1,0.765123694203794,3,0,0.8614017223922246,0.9771033063546741
0.2633218672126531,0.2399406218901276,0.8393408509547834,1.10339881341028,1,0.765123694203794,3,0,0.8614017223922241,0.9592382905946925
0.4950433308258652,0.5321757961064577,0.8393408509547834,1.10339881341028,1,0.765123694203794,3,0,0.8596875241348023,0.9745149132990689
0.4950433308258652,0.2399406218901276,0.3748936425953762,1.10339881341028,1,0.765123694203794,3,0,0.8023782706102988,0.9719657869555381
0.4950433308258652,0.2399406218901276,0.8393408509547834,1.4142135623730951,1,0.765123694203794,3,0,0.8609936300824259,0.9716487078356366
0.4950433308258652,0.2399406218901276,0.8393408509547834,1.10339881341028,0,0.765123694203794,3,0,0.8574187468866608,0.9654867724044623
0.4950433308258652,0.2399406218901276,0.8393408509547834,1.10339881341028,1,0.51664615329355,3,0,0.8605099620765936,0.9282330105814143
0.4950433308258652,0.2399406218901276,0.8393408509547834,1.10339881341028,1,0.765123694203794,2,0,0.8554714038656475,0.9801084214206915
0.4950433308258652,0.2399406218901276,0.8393408509547834,1.10339881341028,1,0.765123694203794,3,0,0.8608303229730833,1.0315768984000058
0.2633218672126531,0.5321757961064577,0.3748936425953762,0.7252459418486662,0,0.51664615329355,2,0,0.8556877282008176,0.9779787088543347
0.3822091976180672,0.6798138506710529,0.3936826905393756,0.7769087901100469,2,0.8769012484699488,2,0,0.861032343175104,1.0237836929563695
0.0941595453768968,0.6798138506710529,0.3936826905393756,0.7769087901100469,2,0.8769012484699488,2,0,0.853632355095917,1.0356583761081117
0.3822091976180672,0.2822039760649204,0.3936826905393756,0.7769087901100469,2,0.8769012484699488,2,0,0.830159779052111,1.0181008424161972
0.3822091976180672,0.6798138506710529,0.5284959525073037,0.7769087901100469,2,0.8769012484699488,2,0,0.8546741435659274,1.0371012258120453
0.3822091976180672,0.6798138506710529,0.3936826905393756,1.0121620526648718,2,0.8769012484699488,2,0,0.8434124142327492,1.0537208898449009
0.3822091976180672,0.6798138506710529,0.3936826905393756,0.7769087901100469,1,0.8769012484699488,2,0,0.8559724075803098,1.0578087631485316
0.3822091976180672,0.6798138506710529,0.3936826905393756,0.7769087901100469,2,0.2342226821929216,2,0,0.8561026421137777,0.9778954548871199
0.3822091976180672,0.6798138506710529,0.3936826905393756,0.7769087901100469,2,0.8769012484699488,3,0,0.8585615457249414,1.0179618721193842
0.3822091976180672,0.6798138506710529,0.3936826905393756,0.7769087901100469,2,0.8769012484699488,2,1,0.8566680946134199,1.0178548796855689
0.0941595453768968,0.2822039760649204,0.5284959525073037,1.0121620526648718,1,0.2342226821929216,3,1,0.8257896548779445,0.8826154234844985
0.8731681983917952,0.3150075599551201,0.7298454932811108,1.4142135623730951,1,0.2415762413293123,3,1,0.8624389971942805,0.8420565643484109
0.6425393605604768,0.3150075599551201,0.7298454932811108,1.4142135623730951,1,0.2415762413293123,3,1,0.8864499850515299,0.8659655207555506
0.8731681983917952,0.6692801965400577,0.7298454932811108,1.4142135623730951,1,0.2415762413293123,3,1,0.8847140890234332,0.8720219228467575
0.8731681983917952,0.3150075599551201,0.9860495999337558,1.4142135623730951,1,0.2415762413293123,3,1,0.8589660650498518,0.8374072597000775
0.8731681983917952,0.3150075599551201,0.7298454932811108,1.4142135623730951,1,0.2415762413293123,3,1,0.8848050305590719,0.8439844502316461
0.8731681983917952,0.3150075599551201,0.7298454932811108,1.4142135623730951,3,0.2415762413293123,3,1,0.8983967812820691,1.0063108850823541
0.8731681983917952,0.3150075599551201,0.7298454932811108,1.4142135623730951,1,0.6227476736530662,3,1,0.8665218224130157,0.9306773225029675
0.8731681983917952,0.3150075599551201,0.7298454932811108,1.4142135623730951,1,0.2415762413293123,1,1,0.8754883587217916,0.8751636836478046
0.8731681983917952,0.3150075599551201,0.7298454932811108,1.4142135623730951,1,0.2415762413293123,3,0,0.8635057191001017,0.8815354410932038
0.6425393605604768,0.6692801965400577,0.9860495999337558,1.4142135623730951,3,0.6227476736530662,1,0,1.0016770304672264,1.0701186158201765
0.6033934624865651,0.9108441546559334,0.0327667907861012,1.2075245071671608,0,0.4458945691585541,1,1,0.3371226228977736,1.0377809000872154
0.9342216607183218,0.9108441546559334,0.0327667907861012,1.2075245071671608,0,0.4458945691585541,1,1,0.34016814584770866,1.119551634668858
0.6033934624865651,0.956589836627245,0.0327667907861012,1.2075245071671608,0,0.4458945691585541,1,1,0.34127698818162766,1.0532258636040528
0.6033934624865651,0.9108441546559334,1.3424384263460452,1.4142135623730951,0,0.4458945691585541,1,1,1.5817552506077122,1.023141968562831
0.6033934624865651,0.9108441546559334,0.0327667907861012,0.0804496502394144,0,0.4458945691585541,1,1,0.8597855607760635,0.9756088830947722
0.6033934624865651,0.9108441546559334,0.0327667907861012,1.2075245071671608,0,0.4458945691585541,1,1,0.3318903583348123,1.1381835602772785
0.6033934624865651,0.9108441546559334,0.0327667907861012,1.2075245071671608,0,0.250291433185339,1,1,0.3433909491303302,1.166884802404224
0.6033934624865651,0.9108441546559334,0.0327667907861012,1.2075245071671608,0,0.4458945691585541,1,1,0.34961984268648766,1.0981894815711815
0.6033934624865651,0.9108441546559334,0.0327667907861012,1.2075245071671608,0,0.4458945691585541,1,1,0.3696141156832751,1.0168865986294702
0.9342216607183218,0.956589836627245,1.3424384263460452,1.4142135623730951,0,0.250291433185339,1,1,1.5192778509628406,1.069957899972575
0.1412426996976137,0.0918125547468662,1.097612774191604,1.4142135623730951,3,0.6857498213648796,3,0,0.9657841938809346,1.0121225918455807
0.3254168154671788,0.0918125547468662,1.097612774191604,1.4142135623730951,3,0.6857498213648796,3,0,0.9623742620163207,1.0120936587630167
0.1412426996976137,0.0919249756261706,1.097612774191604,1.4142135623730951,3,0.6857498213648796,3,0,0.9798641172915113,1.0086636091333245
0.1412426996976137,0.0918125547468662,0.1703170783159499,0.4319854422185133,3,0.6857498213648796,3,0,0.8554104387054576,1.0065117773592633
0.1412426996976137,0.0918125547468662,1.097612774191604,1.230239776394329,3,0.6857498213648796,3,0,0.9623710717135872,1.0104262155943706
0.1412426996976137,0.0918125547468662,1.097612774191604,1.4142135623730951,2,0.6857498213648796,3,0,0.9790334770210538,1.002656591338653
0.1412426996976137,0.0918125547468662,1.097612774191604,1.4142135623730951,3,0.8927227118983865,3,0,0.9715788459504925,1.0205138881872189
0.1412426996976137,0.0918125547468662,1.097612774191604,1.4142135623730951,3,0.6857498213648796,3,0,0.9705310141689167,1.0238107659311266
0.1412426996976137,0.0918125547468662,1.097612774191604,1.4142135623730951,3,0.6857498213648796,3,0,0.9767752315235815,1.0161050551916204
0.3254168154671788,0.0919249756261706,0.1703170783159499,1.230239776394329,2,0.8927227118983865,3,0,0.4071980579722572,0.994724358008894
0.0459689386188983,0.8443789696320891,0.9063624823314016,1.4142135623730951,3,0.8379056435078382,1,1,0.8570815655617496,1.1414052414355083
0.8545283414423466,0.8443789696320891,0.9063624823314016,1.4142135623730951,3,0.8379056435078382,1,1,0.8616037425942449,1.1103646559835805
0.0459689386188983,0.6174701992422342,0.9063624823314016,1.4142135623730951,3,0.8379056435078382,1,1,0.8751369282879681,1.1750030796492543
0.0459689386188983,0.8443789696320891,1.0651909461409412,1.4142135623730951,3,0.8379056435078382,1,1,1.4657695150416603,1.0936229730782316
0.0459689386188983,0.8443789696320891,0.9063624823314016,1.3862468564075645,3,0.8379056435078382,1,1,0.8597855607760633,1.1296287822069873
0.0459689386188983,0.8443789696320891,0.9063624823314016,1.4142135623730951,0,0.8379056435078382,1,1,0.9050884107879879,1.0458468425837113
0.0459689386188983,0.8443789696320891,0.9063624823314016,1.4142135623730951,3,0.6308379787951708,1,1,0.8714703364588163,1.112392651381072
0.0459689386188983,0.8443789696320891,0.9063624823314016,1.4142135623730951,3,0.8379056435078382,3,1,0.9580314939735699,1.0143550272249204
0.0459689386188983,0.8443789696320891,0.9063624823314016,1.4142135623730951,3,0.8379056435078382,1,0,0.9520471303913074,1.1141207625756502
0.8545283414423466,0.6174701992422342,1.0651909461409412,1.3862468564075645,0,0.6308379787951708,3,0,1.1765305009215077,0.9226220306212849
0.7093980265781283,0.1504694474861025,0.5707189340316766,1.402546598208855,0,0.0436336155980825,3,0,0.6901850357273951,0.8301217563114691
0.4009702345356345,0.1504694474861025,0.5707189340316766,1.402546598208855,0,0.0436336155980825,3,0,0.7238757661864864,0.8359116571289492
0.7093980265781283,0.4901419626548886,0.5707189340316766,1.402546598208855,0,0.0436336155980825,3,0,0.8459587169666213,0.867847330170284
0.7093980265781283,0.1504694474861025,0.2486904602109733,1.402546598208855,0,0.0436336155980825,3,0,0.411661102935758,0.9800296295618489
0.7093980265781283,0.1504694474861025,0.5707189340316766,1.4142135623730951,0,0.0436336155980825,3,0,0.7259208474625883,0.8543405365333915
0.7093980265781283,0.1504694474861025,0.5707189340316766,1.402546598208855,2,0.0436336155980825,3,0,0.8206175227205676,0.9651681201939067
0.7093980265781283,0.1504694474861025,0.5707189340316766,1.402546598208855,0,0.02302513923496,3,0,0.6799886693035504,0.8342300847685072
0.7093980265781283,0.1504694474861025,0.5707189340316766,1.402546598208855,0,0.0436336155980825,2,0,0.6953898706046833,0.8705979787479812
0.7093980265781283,0.1504694474861025,0.5707189340316766,1.402546598208855,0,0.0436336155980825,3,1,0.7124750570124578,0.8075240722755899
0.4009702345356345,0.4901419626548886,0.2486904602109733,1.4142135623730951,2,0.02302513923496,2,1,0.7526720928643704,0.9835265468029583
0.9391340538859368,0.6212832136079669,1.2746476584480406,1.4142135623730951,1,0.2689556963741779,1,0,1.1769023448303337,0.9435935670185667
0.1794690489768982,0.6212832136079669,1.2746476584480406,1.4142135623730951,1,0.2689556963741779,1,0,1.2651399425781096,0.9438057443689902
0.9391340538859368,0.1359721217304468,1.2746476584480406,1.4142135623730951,1,0.2689556963741779,1,0,1.0005637168538957,0.9380452670914086
0.9391340538859368,0.6212832136079669,0.5992792770413943,1.4142135623730951,1,0.2689556963741779,1,0,0.8621809967462226,0.9583267157496934
0.9391340538859368,0.6212832136079669,1.2746476584480406,1.4142135623730951,1,0.2689556963741779,1,0,1.1488854115689817,0.9635441947616289
0.9391340538859368,0.6212832136079669,1.2746476584480406,1.4142135623730951,1,0.2689556963741779,1,0,1.1357363552251611,0.9565364841382568
0.9391340538859368,0.6212832136079669,1.2746476584480406,1.4142135623730951,1,0.8539355359971523,1,0,1.224214508068895,1.1132606852551497
0.9391340538859368,0.6212832136079669,1.2746476584480406,1.4142135623730951,1,0.2689556963741779,1,0,1.2377556612197989,0.9121656602660362
0.9391340538859368,0.6212832136079669,1.2746476584480406,1.4142135623730951,1,0.2689556963741779,1,0,1.1555425086617133,0.9493334979973692
0.1794690489768982,0.1359721217304468,0.5992792770413943,1.4142135623730951,1,0.8539355359971523,1,0,0.8175763322822653,1.0851380832911408
0.3054897701367736,0.3813548451289534,0.2092851179988322,0.9492296112637236,2,0.5993832759559155,2,1,0.8220173449534255,1.0350300179809326
0.5686958832666278,0.3813548451289534,0.2092851179988322,0.9492296112637236,2,0.5993832759559155,2,1,0.8068091095075096,1.0021669813702987
0.3054897701367736,0.7564148204401135,0.2092851179988322,0.9492296112637236,2,0.5993832759559155,2,1,0.847421721889241,1.030397377367497
0.3054897701367736,0.3813548451289534,0.7163928514391611,0.9492296112637236,2,0.5993832759559155,2,1,0.8603569601952032,1.0141802818695285
0.3054897701367736,0.3813548451289534,0.2092851179988322,0.8142481978582162,2,0.5993832759559155,2,1,0.841315575273001,1.042865497613973
0.3054897701367736,0.3813548451289534,0.2092851179988322,0.9492296112637236,3,0.5993832759559155,2,1,0.8330054684143,1.030952218250106
0.3054897701367736,0.3813548451289534,0.2092851179988322,0.9492296112637236,2,0.492216364480555,2,1,0.8210860191631598,1.025254071850946
0.3054897701367736,0.3813548451289534,0.2092851179988322,0.9492296112637236,2,0.5993832759559155,2,1,0.8141388379713521,1.042985950922555
0.3054897701367736,0.3813548451289534,0.2092851179988322,0.9492296112637236,2,0.5993832759559155,2,1,0.8178550637449985,1.0130300373719094
0.5686958832666278,0.7564148204401135,0.7163928514391611,0.8142481978582162,3,0.492216364480555,2,1,0.8599816340585826,1.0171282455005475
0.2680064169690013,0.5723644280806184,0.7724405959164314,1.4142135623730951,0,0.0277281776070594,3,0,0.8842560410184941,0.792439998702314
0.663270141929388,0.5723644280806184,0.7724405959164314,1.4142135623730951,0,0.0277281776070594,3,0,0.8625581102458877,0.8127317309023446
0.2680064169690013,0.2469705361872911,0.7724405959164314,1.4142135623730951,0,0.0277281776070594,3,0,0.8810004664088892,0.8202036622428936
0.2680064169690013,0.5723644280806184,0.772914664985571,1.4142135623730951,0,0.0277281776070594,3,0,0.9235333685942485,0.8246137759074565
0.2680064169690013,0.5723644280806184,0.7724405959164314,1.2459839674145072,0,0.0277281776070594,3,0,0.86014163784184,0.7779224443957001
0.2680064169690013,0.5723644280806184,0.7724405959164314,1.4142135623730951,0,0.0277281776070594,3,0,0.8716960437631225,0.783606837271944
0.2680064169690013,0.5723644280806184,0.7724405959164314,1.4142135623730951,0,0.3356433184817433,3,0,0.8851449464410577,0.8414825746429392
0.2680064169690013,0.5723644280806184,0.7724405959164314,1.4142135623730951,0,0.0277281776070594,1,0,0.8566425693406815,0.7635929504936
0.2680064169690013,0.5723644280806184,0.7724405959164314,1.4142135623730951,0,0.0277281776070594,3,0,0.8807694080006746,0.7908121224111738
0.663270141929388,0.2469705361872911,0.772914664985571,1.2459839674145072,0,0.3356433184817433,1,0,0.8608879570744212,0.8746164664011918
0.9795468263328077,0.4225222812965512,0.4008059939435636,1.1439478959675502,3,0.8542838543653488,1,1,0.8144652166600752,1.098292131632269
0.0846510445699095,0.4225222812965512,0.4008059939435636,1.1439478959675502,3,0.8542838543653488,1,1,0.7949072939168075,1.1315594424035795
0.9795468263328077,0.8606263073161244,0.4008059939435636,1.1439478959675502,3,0.8542838543653488,1,1,0.8441112032986927,1.0682951356611698
0.9795468263328077,0.4225222812965512,0.5647894387944707,1.1439478959675502,3,0.8542838543653488,1,1,0.8283568620914327,1.1248091672629448
0.9795468263328077,0.4225222812965512,0.4008059939435636,1.4142135623730951,3,0.8542838543653488,1,1,0.792163250187562,1.1123427275052291
0.9795468263328077,0.4225222812965512,0.4008059939435636,1.1439478959675502,2,0.8542838543653488,1,1,0.8180559567089644,1.1242359935949637
0.9795468263328077,0.4225222812965512,0.4008059939435636,1.1439478959675502,3,0.94321970641613,1,1,0.8174163519354072,1.0819640277626723
0.9795468263328077,0.4225222812965512,0.4008059939435636,1.1439478959675502,3,0.8542838543653488,3,1,0.8400156758904375,1.005305056148459
0.9795468263328077,0.4225222812965512,0.4008059939435636,1.1439478959675502,3,0.8542838543653488,1,1,0.8103414600860327,1.1022826539518085
0.0846510445699095,0.8606263073161244,0.5647894387944707,1.4142135623730951,2,0.94321970641613,3,1,0.9710799037374783,1.0354400689418213
0.7468811115249991,0.8345210151746869,1.1131071582064802,1.4142135623730951,2,0.5830620247870684,2,1,1.275621503189475,0.9909909198641857
0.3710920736193657,0.8345210151746869,1.1131071582064802,1.4142135623730951,2,0.5830620247870684,2,1,1.4851139517602534,1.0110772125772303
0.7468811115249991,0.5152111817151308,1.1131071582064802,1.4142135623730951,2,0.5830620247870684,2,1,1.171356418693079,1.0278337238187485
0.7468811115249991,0.8345210151746869,0.21689843120052,1.4142135623730951,2,0.5830620247870684,2,1,0.7820472068281733,1.0448836157156822
0.7468811115249991,0.8345210151746869,1.1131071582064802,1.4142135623730951,2,0.5830620247870684,2,1,1.3031523408219745,1.012908366099253
0.7468811115249991,0.8345210151746869,1.1131071582064802,1.4142135623730951,1,0.5830620247870684,2,1,1.3182171550037374,1.0136730913660523
0.7468811115249991,0.8345210151746869,1.1131071582064802,1.4142135623730951,2,0.1798346964642405,2,1,1.3989256508668513,0.9901512479886795
0.7468811115249991,0.8345210151746869,1.1131071582064802,1.4142135623730951,2,0.5830620247870684,3,1,1.5379747127192276,1.0155916399933078
0.7468811115249991,0.8345210151746869,1.1131071582064802,1.4142135623730951,2,0.5830620247870684,2,0,1.299226070763635,1.0035381997854294
0.3710920736193657,0.5152111817151308,0.21689843120052,0.4869239962297214,1,0.1798346964642405,3,0,0.8468636577309009,0.904548426018324
0.005555897951126,0.168201052583754,0.0559423536483908,0.8460071073482741,1,0.2848036829382181,2,0,0.36763822890237874,1.0329768762085407
0.8851357279345393,0.168201052583754,0.0559423536483908,0.8460071073482741,1,0.2848036829382181,2,0,0.6478714564535021,1.0351162679336576
0.005555897951126,0.3771909596398473,0.0559423536483908,0.8460071073482741,1,0.2848036829382181,2,0,0.32112561570427506,1.064843915126985
0.005555897951126,0.168201052583754,1.1191450788456585,1.4142135623730951,1,0.2848036829382181,2,0,0.9624053915904744,0.8802162396952389
0.005555897951126,0.168201052583754,0.0559423536483908,0.7514495937745146,1,0.2848036829382181,2,0,0.3495019733812913,1.0046004771955845
0.005555897951126,0.168201052583754,0.0559423536483908,0.8460071073482741,3,0.2848036829382181,2,0,0.3889461045070668,0.9886134381026411
0.005555897951126,0.168201052583754,0.0559423536483908,0.8460071073482741,1,0.5413172971457243,2,0,0.3681425368581172,1.0242822036889125
0.005555897951126,0.168201052583754,0.0559423536483908,0.8460071073482741,1,0.2848036829382181,2,0,0.39206353636092994,1.0226638280094034
0.005555897951126,0.168201052583754,0.0559423536483908,0.8460071073482741,1,0.2848036829382181,2,1,0.3796238463317441,1.025596259189324
0.8851357279345393,0.3771909596398473,1.1191450788456585,1.4142135623730951,3,0.5413172971457243,2,1,1.08771168246469,1.0225894060662635
0.1816554721444845,0.8931735847145319,0.5773229882622104,1.0513871367571987,1,0.1949055157601833,3,1,0.8592141613569222,0.8897898422919143
0.4182832185178995,0.8931735847145319,0.5773229882622104,1.0513871367571987,1,0.1949055157601833,3,1,0.8605530334777236,0.9086376810240461
0.1816554721444845,0.9104837141931056,0.5773229882622104,1.0513871367571987,1,0.1949055157601833,3,1,0.8605099620765939,0.8873050121597902
0.1816554721444845,0.8931735847145319,0.1136667959069227,1.0513871367571987,1,0.1949055157601833,3,1,0.5187233079418994,1.0417751176415369
0.1816554721444845,0.8931735847145319,0.5773229882622104,0.9521471004113448,1,0.1949055157601833,3,1,0.8512457470510829,0.8805975109084214
0.1816554721444845,0.8931735847145319,0.5773229882622104,1.0513871367571987,1,0.1949055157601833,3,1,0.861228416457624,0.9149169137733284
0.1816554721444845,0.8931735847145319,0.5773229882622104,1.0513871367571987,1,0.8101218910887837,3,1,0.8605099620765928,1.0890530822802686
0.1816554721444845,0.8931735847145319,0.5773229882622104,1.0513871367571987,1,0.1949055157601833,2,1,0.8597855607760627,0.9209832445232287
0.1816554721444845,0.8931735847145319,0.5773229882622104,1.0513871367571987,1,0.1949055157601833,3,1,0.8605530334777242,0.9018391082629086
0.4182832185178995,0.9104837141931056,0.1136667959069227,0.9521471004113448,1,0.8101218910887837,2,1,0.7690342425760697,1.0065544037691088
0.5659101093187928,0.1017315443605184,0.9494768341403764,1.4142135623730951,2,0.9230686761438848,2,0,0.858840592390758,1.0578632086370288
0.8416019240394235,0.1017315443605184,0.9494768341403764,1.4142135623730951,2,0.9230686761438848,2,0,0.8602626441248097,1.0379236368571887
0.5659101093187928,0.0409852592274546,0.9494768341403764,1.4142135623730951,2,0.9230686761438848,2,0,0.8511842510904588,1.0527155160507293
0.5659101093187928,0.1017315443605184,1.3770560485692975,1.4142135623730951,2,0.9230686761438848,2,0,1.016060844982874,1.0442801051502422
0.5659101093187928,0.1017315443605184,0.9494768341403764,1.4142135623730951,2,0.9230686761438848,2,0,0.8664296655310355,1.0276360436243586
0.5659101093187928,0.1017315443605184,0.9494768341403764,1.4142135623730951,3,0.9230686761438848,2,0,0.8601380769455566,1.0201959272443963
0.5659101093187928,0.1017315443605184,0.9494768341403764,1.4142135623730951,2,0.4218486100435257,2,0,0.8622744620368313,1.009673480056299
0.5659101093187928,0.1017315443605184,0.9494768341403764,1.4142135623730951,2,0.9230686761438848,3,0,0.8617745889305488,1.0302275264006993
0.5659101093187928,0.1017315443605184,0.9494768341403764,1.4142135623730951,2,0.9230686761438848,2,0,0.866439764407632,1.0503263815630302
0.8416019240394235,0.0409852592274546,1.3770560485692975,1.4142135623730951,3,0.4218486100435257,3,0,0.9544477842145084,0.9970741151205519
0.8327551577240229,0.6387074496597052,0.2329772326364713,1.283813523254523,3,0.6396474745124578,3,0,0.7169073227236935,1.0121781722624439
0.6099764388054609,0.6387074496597052,0.2329772326364713,1.283813523254523,3,0.6396474745124578,3,0,0.7135001639086088,1.0196432301499854
0.8327551577240229,0.3350965194404125,0.2329772326364713,1.283813523254523,3,0.6396474745124578,3,0,0.6203773408036979,1.01481773763313
0.8327551577240229,0.6387074496597052,1.017711137032863,1.283813523254523,3,0.6396474745124578,3,0,1.1538114457964768,1.0077515787641875
0.8327551577240229,0.6387074496597052,0.2329772326364713,1.4142135623730951,3,0.6396474745124578,3,0,0.7072096477142666,1.0029088311844712
0.8327551577240229,0.6387074496597052,0.2329772326364713,1.283813523254523,0,0.6396474745124578,3,0,0.6912438067273844,1.0145979529307112
0.8327551577240229,0.6387074496597052,0.2329772326364713,1.283813523254523,3,0.7050967244431376,3,0,0.7143722681198177,1.0120928551247388
0.8327551577240229,0.6387074496597052,0.2329772326364713,1.283813523254523,3,0.6396474745124578,2,0,0.6739362402058939,1.0387701327553744
0.8327551577240229,0.6387074496597052,0.2329772326364713,1.283813523254523,3,0.6396474745124578,3,1,0.7896675848204526,1.0080324404644003
0.6099764388054609,0.3350965194404125,1.017711137032863,1.4142135623730951,0,0.7050967244431376,2,1,1.1176859153466596,0.8760424794318817
0.419692282564938,0.3639873806387186,1.2896254906875673,1.4142135623730951,0,0.4925007056444883,1,1,1.0805035298906354,0.9149652151910932
0.1259885327890515,0.3639873806387186,1.2896254906875673,1.4142135623730951,0,0.4925007056444883,1,1,1.0566546816174143,0.9482763345307131
0.419692282564938,0.7134336112067103,1.2896254906875673,1.4142135623730951,0,0.4925007056444883,1,1,1.4206919543389998,0.9533432192138253
0.419692282564938,0.3639873806387186,0.4746729755267965,0.6892051575284583,0,0.4925007056444883,1,1,0.8575143202332102,0.9929910186042601
0.419692282564938,0.3639873806387186,1.2896254906875673,1.4142135623730951,0,0.4925007056444883,1,1,1.0926697564492902,0.9603101750785583
0.419692282564938,0.3639873806387186,1.2896254906875673,1.4142135623730951,2,0.4925007056444883,1,1,1.1353969834533901,1.072941113734955
0.419692282564938,0.3639873806387186,1.2896254906875673,1.4142135623730951,0,0.0629172753542661,1,1,0.9978230875495442,0.7832044951792133
0.419692282564938,0.3639873806387186,1.2896254906875673,1.4142135623730951,0,0.4925007056444883,1,1,1.1210525631787385,0.8852690723881425
0.419692282564938,0.3639873806387186,1.2896254906875673,1.4142135623730951,0,0.4925007056444883,1,0,1.0777598971647047,0.8528239395571592
0.1259885327890515,0.7134336112067103,0.4746729755267965,1.092803824044867,2,0.0629172753542661,1,0,0.8572318824101129,0.9946741785149682
0.4534250916913152,0.8058280115947127,0.3196743273528128,1.4142135623730951,3,0.366077090613544,3,1,0.826564354755843,1.0107215840913981
0.4812479028478265,0.8058280115947127,0.3196743273528128,1.4142135623730951,3,0.366077090613544,3,1,0.8307914270557255,1.0027187453058173
0.4534250916913152,0.4634054051712155,0.3196743273528128,1.4142135623730951,3,0.366077090613544,3,1,0.788072862135953,1.008916898610193
0.4534250916913152,0.8058280115947127,0.406619954132289,1.4142135623730951,3,0.366077090613544,3,1,0.8507810768233384,1.0105087115066522
0.4534250916913152,0.8058280115947127,0.3196743273528128,1.334835395658305,3,0.366077090613544,3,1,0.8187870304765277,1.0179581369685302
0.4534250916913152,0.8058280115947127,0.3196743273528128,1.4142135623730951,3,0.366077090613544,3,1,0.8241529897688676,1.0154917560188716
0.4534250916913152,0.8058280115947127,0.3196743273528128,1.4142135623730951,3,0.6862745387479663,3,1,0.8146553073882342,1.0147910357622516
0.4534250916913152,0.8058280115947127,0.3196743273528128,1.4142135623730951,3,0.366077090613544,3,1,0.8090062097650657,1.009662908560805
0.4534250916913152,0.8058280115947127,0.3196743273528128,1.4142135623730951,3,0.366077090613544,3,1,0.8125528979439479,1.016045852505514
0.4812479028478265,0.4634054051712155,0.406619954132289,1.334835395658305,3,0.6862745387479663,3,1,0.8111058645410487,1.021873678618233
0.790225001052022,0.191019813530147,1.3838322265778829,1.4142135623730951,0,0.5004321960732341,2,0,1.0375127407850646,0.914385554833255
0.7786361370235682,0.191019813530147,1.3838322265778829,1.4142135623730951,0,0.5004321960732341,2,0,1.0399403676656553,0.8264150327082161
0.790225001052022,0.5851256791502237,1.3838322265778829,1.4142135623730951,0,0.5004321960732341,2,0,1.2727026450606926,0.8832841486755452
0.790225001052022,0.191019813530147,0.9076717623265914,1.4142135623730951,0,0.5004321960732341,2,0,0.8624879461067315,0.8605018370190084
0.790225001052022,0.191019813530147,1.3838322265778829,1.4142135623730951,0,0.5004321960732341,2,0,1.0750094382094821,0.8849663804247859
0.790225001052022,0.191019813530147,1.3838322265778829,1.4142135623730951,1,0.5004321960732341,2,0,1.037837598210297,0.9361689216359085
0.790225001052022,0.191019813530147,1.3838322265778829,1.4142135623730951,0,0.0437898989766836,2,0,0.9817277358012786,0.7693875957643165
0.790225001052022,0.191019813530147,1.3838322265778829,1.4142135623730951,0,0.5004321960732341,1,0,1.0545679011443279,0.8269425800339855
0.790225001052022,0.191019813530147,1.3838322265778829,1.4142135623730951,0,0.5004321960732341,2,0,1.0547886223368639,0.8262398995811979
0.7786361370235682,0.5851256791502237,0.9076717623265914,1.4142135623730951,1,0.0437898989766836,1,0,0.8817968859417686,0.874115809079981
0.5614644596353173,0.536864067427814,0.681984892665093,1.4142135623730951,1,0.8122180858626962,3,0,0.9118132020079457,0.9807157221983904
0.5468884455040097,0.536864067427814,0.681984892665093,1.4142135623730951,1,0.8122180858626962,3,0,0.9197301263471483,0.945225402922145
0.5614644596353173,0.7909572022035718,0.681984892665093,1.4142135623730951,1,0.8122180858626962,3,0,0.9335174562746256,0.9830381011490721
0.5614644596353173,0.536864067427814,1.2661366555686522,1.4142135623730951,1,0.8122180858626962,3,0,1.2105009023065625,1.0157774904108705
0.5614644596353173,0.536864067427814,0.681984892665093,1.4142135623730951,1,0.8122180858626962,3,0,0.8840162634406211,0.9741779905064285
0.5614644596353173,0.536864067427814,0.681984892665093,1.4142135623730951,2,0.8122180858626962,3,0,0.9117006949683851,1.0188925640579758
0.5614644596353173,0.536864067427814,0.681984892665093,1.4142135623730951,1,0.8292645113542676,3,0,0.8903678700203548,0.9789786274603774
0.5614644596353173,0.536864067427814,0.681984892665093,1.4142135623730951,1,0.8122180858626962,1,0,0.879337064393469,1.153527751657661
0.5614644596353173,0.536864067427814,0.681984892665093,1.4142135623730951,1,0.8122180858626962,3,1,0.9272653020530076,1.0109569385316657
0.5468884455040097,0.7909572022035718,1.2661366555686522,1.4142135623730951,2,0.8292645113542676,1,1,1.2822303422577845,1.0706578451503723
0.1948799919337034,0.4678343748673796,1.01745403730568,1.3550969385854414,2,0.0713948691263794,1,1,1.029910932549279,0.9771819090078033
0.1890756618231535,0.4678343748673796,1.01745403730568,1.3550969385854414,2,0.0713948691263794,1,1,1.0982470253051315,1.0145511494669281
0.1948799919337034,0.1605127248913049,1.01745403730568,1.3550969385854414,2,0.0713948691263794,1,1,0.9822920938174485,0.9826762328117722
0.1948799919337034,0.4678343748673796,0.0491251206580889,1.3550969385854414,2,0.0713948691263794,1,1,0.3334977983076496,0.997732482813642
0.1948799919337034,0.4678343748673796,1.01745403730568,1.4142135623730951,2,0.0713948691263794,1,1,1.1595360844686398,0.9863567091133768
0.1948799919337034,0.4678343748673796,1.01745403730568,1.3550969385854414,0,0.0713948691263794,1,1,1.0143805184118844,0.7975877817615411
0.1948799919337034,0.4678343748673796,1.01745403730568,1.3550969385854414,2,0.4406860694289207,1,1,1.1228657410444087,1.0482347777545227
0.1948799919337034,0.4678343748673796,1.01745403730568,1.3550969385854414,2,0.0713948691263794,2,1,1.1514829579492087,0.9681225919150311
0.1948799919337034,0.4678343748673796,1.01745403730568,1.3550969385854414,2,0.0713948691263794,1,0,1.1101524003294976,0.9924807608185685
0.1890756618231535,0.1605127248913049,0.0491251206580889,0.8406277970715295,0,0.4406860694289207,2,0,0.7724273492351569,1.0151794642769125
0.1174203231930732,0.7203941978514194,1.2073137149726896,1.4142135623730951,2,0.4191184183582663,3,0,1.2934966225231053,0.9875739467743914
0.7262512212619185,0.7203941978514194,1.2073137149726896,1.4142135623730951,2,0.4191184183582663,3,0,1.2522982524893185,0.9976173789197724
0.1174203231930732,0.6271628988906741,1.2073137149726896,1.4142135623730951,2,0.4191184183582663,3,0,1.1692156254536674,0.996078104909866
0.1174203231930732,0.7203941978514194,1.1870672816907442,1.4142135623730951,2,0.4191184183582663,3,0,1.2561027530679445,1.0010721412246808
0.1174203231930732,0.7203941978514194,1.2073137149726896,1.4142135623730951,2,0.4191184183582663,3,0,1.2967062520431176,0.9931433166517067
0.1174203231930732,0.7203941978514194,1.2073137149726896,1.4142135623730951,2,0.4191184183582663,3,0,1.2852317539230642,0.9867912365826862
0.1174203231930732,0.7203941978514194,1.2073137149726896,1.4142135623730951,2,0.2076290650293231,3,0,1.1999453459908296,0.9816736817436578
0.1174203231930732,0.7203941978514194,1.2073137149726896,1.4142135623730951,2,0.4191184183582663,2,0,1.2197030308762222,1.0120111470238735
0.1174203231930732,0.7203941978514194,1.2073137149726896,1.4142135623730951,2,0.4191184183582663,3,0,1.2915215488749396,0.9899897846259782
0.7262512212619185,0.6271628988906741,1.1870672816907442,1.4142135623730951,2,0.2076290650293231,2,0,1.2580268210208294,1.0080778531700563
0.6262325709685683,0.2764865830540657,0.1426392692406261,0.3901018639968426,1,0.7143584107980132,1,1,0.8475761651924323,0.9983114032635015
0.0216710083186626,0.2764865830540657,0.1426392692406261,0.3901018639968426,1,0.7143584107980132,1,1,0.850046664449485,1.0494925954739278
0.6262325709685683,0.2652401961386204,0.1426392692406261,0.3901018639968426,1,0.7143584107980132,1,1,0.8557045486292387,1.085065706256994
0.6262325709685683,0.2764865830540657,0.3270686349929259,0.3901018639968426,1,0.7143584107980132,1,1,0.8582674358011606,1.0952237925379678
0.6262325709685683,0.2764865830540657,0.1426392692406261,0.5984473430328158,1,0.7143584107980132,1,1,0.846433366354149,1.0255592228934176
0.6262325709685683,0.2764865830540657,0.1426392692406261,0.3901018639968426,0,0.7143584107980132,1,1,0.8494349551170337,1.1224116261649768
0.6262325709685683,0.2764865830540657,0.1426392692406261,0.3901018639968426,1,0.5692947562783957,1,1,0.8566680946134195,1.011595264734115
0.6262325709685683,0.2764865830540657,0.1426392692406261,0.3901018639968426,1,0.7143584107980132,1,1,0.8543012807240171,1.032509340016949
0.6262325709685683,0.2764865830540657,0.1426392692406261,0.3901018639968426,1,0.7143584107980132,1,1,0.8427182497996568,1.0385363434729153
0.0216710083186626,0.2652401961386204,0.3270686349929259,0.5984473430328158,0,0.5692947562783957,1,1,0.8305989125019106,0.9719516976084646
0.8969847001135349,0.9972927495837212,0.840417641031053,1.4142135623730951,0,0.9729292439296842,2,1,0.8605099620765934,1.1986006628819854
0.3079896001145243,0.9972927495837212,0.840417641031053,1.4142135623730951,0,0.9729292439296842,2,1,0.860746643465534,1.206140536006582
0.8969847001135349,0.1105980975553393,0.840417641031053,1.4142135623730951,0,0.9729292439296842,2,1,0.8592193918542018,2.7057981737685908
0.8969847001135349,0.9972927495837212,0.675580710643999,0.7294975684124754,0,0.9729292439296842,2,1,0.859785560776061,1.072106233755002
0.8969847001135349,0.9972927495837212,0.840417641031053,1.4142135623730951,0,0.9729292439296842,2,1,0.8606570170384844,1.131752072604329
0.8969847001135349,0.9972927495837212,0.840417641031053,1.4142135623730951,3,0.9729292439296842,2,1,0.8597999179097718,1.050012315613085
0.8969847001135349,0.9972927495837212,0.840417641031053,1.4142135623730951,0,0.3076505856588483,2,1,0.8573182469506894,0.8207613542501586
0.8969847001135349,0.9972927495837212,0.840417641031053,1.4142135623730951,0,0.9729292439296842,2,1,0.860795661786164,1.1359627903307499
0.8969847001135349,0.9972927495837212,0.840417641031053,1.4142135623730951,0,0.9729292439296842,2,0,0.9557778674598969,1.0916746739551781
0.3079896001145243,0.1105980975553393,0.675580710643999,1.4142135623730951,3,0.3076505856588483,2,0,0.8280147239352429,1.0342591083519743
0.3593644602224231,0.0073624737560749,0.5054677402957642,1.4142135623730951,3,0.143471566028893,1,0,0.46440097017375087,1.0236785466658886
0.9482390061020852,0.0073624737560749,0.5054677402957642,1.4142135623730951,3,0.143471566028893,1,0,0.4522289188158758,1.019559023089713
0.3593644602224231,0.9969996996223928,0.5054677402957642,1.4142135623730951,3,0.143471566028893,1,0,0.9116964603705301,1.0273092982936525
0.3593644602224231,0.0073624737560749,0.837584471922234,1.4142135623730951,3,0.143471566028893,1,0,0.5792899800435724,0.9990484361719859
0.3593644602224231,0.0073624737560749,0.5054677402957642,1.182109158042059,3,0.143471566028893,1,0,0.4591390025736271,1.0269047618857743
0.3593644602224231,0.0073624737560749,0.5054677402957642,1.4142135623730951,1,0.143471566028893,1,0,0.4736039461264236,0.9955078871643153
0.3593644602224231,0.0073624737560749,0.5054677402957642,1.4142135623730951,3,0.9154100939631462,1,0,0.46322812651723205,1.0511738131209447
0.3593644602224231,0.0073624737560749,0.5054677402957642,1.4142135623730951,3,0.143471566028893,3,0,0.4803296860348226,1.0052696697027272
0.3593644602224231,0.0073624737560749,0.5054677402957642,1.4142135623730951,3,0.143471566028893,1,1,0.5462508288773825,0.9950949138064438
0.9482390061020852,0.9969996996223928,0.837584471922234,1.182109158042059,1,0.9154100939631462,3,1,0.8579901463058023,0.9825831121550779
