lambd,mu,d1,d2,network_type,grid_preference,grid_radius,both_affected,polarization,network_influence
0.3734912136569619,0.7010708237066865,0.0203930028989091,0.6848677331519711,1,0.0904770931228995,2,0,0.8479458391094478,1.1904047790277956
0.0670000975951552,0.7010708237066865,0.0203930028989091,0.6848677331519711,1,0.0904770931228995,2,0,0.8356987198592085,0.9843733880630975
0.3734912136569619,0.0537614123895764,0.0203930028989091,0.6848677331519711,1,0.0904770931228995,2,0,0.8532572142023734,1.0483918074637364
0.3734912136569619,0.7010708237066865,1.294724732521779,1.4142135623730951,1,0.0904770931228995,2,0,1.1927185287646689,0.8785409049089418
0.3734912136569619,0.7010708237066865,0.0203930028989091,0.2512672869187931,1,0.0904770931228995,2,0,0.8609427167480544,0.8885436636497664
0.3734912136569619,0.7010708237066865,0.0203930028989091,0.6848677331519711,3,0.0904770931228995,2,0,0.7787424891172487,1.0214678479200139
0.3734912136569619,0.7010708237066865,0.0203930028989091,0.6848677331519711,1,0.1881238324567675,2,0,0.8557857648420782,1.1290507982532783
0.3734912136569619,0.7010708237066865,0.0203930028989091,0.6848677331519711,1,0.0904770931228995,2,0,0.8261578364567647,1.023923271995728
0.3734912136569619,0.7010708237066865,0.0203930028989091,0.6848677331519711,1,0.0904770931228995,2,0,0.8529711652284363,1.1003443376935855
0.0670000975951552,0.0537614123895764,1.294724732521779,1.4142135623730951,3,0.1881238324567675,2,0,0.9575620383554846,0.996421924202677
0.8818757515400648,0.3040382014587521,1.0658200787341086,1.3223323736797774,2,0.7910600220784545,1,1,1.0311621563547047,1.1415937047411688
0.6767774634063244,0.3040382014587521,1.0658200787341086,1.3223323736797774,2,0.7910600220784545,1,1,1.0863996554328605,1.1210958846855072
0.8818757515400648,0.9322544131428004,1.0658200787341086,1.3223323736797774,2,0.7910600220784545,1,1,1.2667995146486446,1.0724523178103977
0.8818757515400648,0.3040382014587521,0.0416854814482244,1.3223323736797774,2,0.7910600220784545,1,1,0.33922601193228674,1.0269279549048695
0.8818757515400648,0.3040382014587521,1.0658200787341086,1.399573506831336,2,0.7910600220784545,1,1,1.1244249621692528,1.1311864874828845
0.8818757515400648,0.3040382014587521,1.0658200787341086,1.3223323736797774,1,0.7910600220784545,1,1,1.0395595990693451,0.9915682722444494
0.8818757515400648,0.3040382014587521,1.0658200787341086,1.3223323736797774,2,0.5808488484472036,1,1,1.0532902411053249,1.103302265495551
0.8818757515400648,0.3040382014587521,1.0658200787341086,1.3223323736797774,2,0.7910600220784545,1,1,1.0202515824614902,1.1039016080167738
0.8818757515400648,0.3040382014587521,1.0658200787341086,1.3223323736797774,2,0.7910600220784545,1,1,1.0309437040394314,1.138279147859838
0.6767774634063244,0.9322544131428004,0.0416854814482244,1.399573506831336,1,0.5808488484472036,1,1,0.3550467695357833,1.011968737195182
0.6413969369605184,0.9545318083837628,0.3597000026864055,1.4142135623730951,3,0.5212896810844541,3,1,0.8196619187088234,0.9959408438022099
0.8987595168873668,0.9545318083837628,0.3597000026864055,1.4142135623730951,3,0.5212896810844541,3,1,0.8399669330963845,0.9992660321228318
0.6413969369605184,0.6918769823387265,0.3597000026864055,1.4142135623730951,3,0.5212896810844541,3,1,0.8090460381563622,1.0122449503742859
0.6413969369605184,0.9545318083837628,0.3919663839401369,1.4142135623730951,3,0.5212896810844541,3,1,0.8608781593959505,1.0006030016556426
0.6413969369605184,0.9545318083837628,0.3597000026864055,0.8221541129215129,3,0.5212896810844541,3,1,0.8606570170384844,1.006222384411242
0.6413969369605184,0.9545318083837628,0.3597000026864055,1.4142135623730951,2,0.5212896810844541,3,1,0.8335486606625546,1.0081938854591288
0.6413969369605184,0.9545318083837628,0.3597000026864055,1.4142135623730951,3,0.2961120503023267,3,1,0.8546698307073604,0.9941576837693498
0.6413969369605184,0.9545318083837628,0.3597000026864055,1.4142135623730951,3,0.5212896810844541,2,1,0.8429303685977031,1.0198606804097838
0.6413969369605184,0.9545318083837628,0.3597000026864055,1.4142135623730951,3,0.5212896810844541,3,0,0.8338229681941081,1.0066214880226452
0.8987595168873668,0.6918769823387265,0.3919663839401369,0.8221541129215129,2,0.2961120503023267,2,0,0.854456312955048,1.0102305529285285
0.1032268870621919,0.0427265400066971,0.7195968759363836,1.0242620915026297,0,0.3470509620383382,1,0,0.8219773828276775,0.8888494695915056
0.3533129766583442,0.0427265400066971,0.7195968759363836,1.0242620915026297,0,0.3470509620383382,1,0,0.8200773231514519,0.9527120145695319
0.1032268870621919,0.3221082035452127,0.7195968759363836,1.0242620915026297,0,0.3470509620383382,1,0,0.8596543520411618,0.8295096103091133
0.1032268870621919,0.0427265400066971,0.9453707314248524,1.0242620915026297,0,0.3470509620383382,1,0,0.8483527218373029,0.857662726841858
0.1032268870621919,0.0427265400066971,0.7195968759363836,1.4142135623730951,0,0.3470509620383382,1,0,0.7704895178714941,0.9163052996241134
0.1032268870621919,0.0427265400066971,0.7195968759363836,1.0242620915026297,0,0.3470509620383382,1,0,0.8221240111556952,0.9095688160313783
0.1032268870621919,0.0427265400066971,0.7195968759363836,1.0242620915026297,0,0.9349307641386986,1,0,0.8297196194703379,1.1622791426452512
0.1032268870621919,0.0427265400066971,0.7195968759363836,1.0242620915026297,0,0.3470509620383382,3,0,0.8306676057263074,0.9212431624312083
0.1032268870621919,0.0427265400066971,0.7195968759363836,1.0242620915026297,0,0.3470509620383382,1,1,0.8216596509985612,0.857956504390376
0.3533129766583442,0.3221082035452127,0.9453707314248524,1.4142135623730951,0,0.9349307641386986,3,1,0.8981321238871187,2.1484245761714864
0.2090143151581287,0.7708758804947138,1.2423370625160433,1.4142135623730951,0,0.1321699572727084,3,1,1.2079190768202595,0.825106741858434
0.828100354410708,0.7708758804947138,1.2423370625160433,1.4142135623730951,0,0.1321699572727084,3,1,1.2315669829492204,0.8380397703289044
0.2090143151581287,0.8591202003881335,1.2423370625160433,1.4142135623730951,0,0.1321699572727084,3,1,1.343657127488035,0.8772167274277958
0.2090143151581287,0.7708758804947138,0.6471209286977394,0.8735205726903639,0,0.1321699572727084,3,1,0.8555312426946386,0.8004169586875797
0.2090143151581287,0.7708758804947138,1.2423370625160433,1.4142135623730951,0,0.1321699572727084,3,1,1.2083844268906259,0.8489444129581583
0.2090143151581287,0.7708758804947138,1.2423370625160433,1.4142135623730951,2,0.1321699572727084,3,1,1.572278997981027,0.9942833698616917
0.2090143151581287,0.7708758804947138,1.2423370625160433,1.4142135623730951,0,0.6665115160867572,3,1,1.332417846005799,1.0376387198481292
0.2090143151581287,0.7708758804947138,1.2423370625160433,1.4142135623730951,0,0.1321699572727084,3,1,1.2414476641285561,0.7894079126420672
0.2090143151581287,0.7708758804947138,1.2423370625160433,1.4142135623730951,0,0.1321699572727084,3,1,1.1560869619403542,0.8054567759200598
0.828100354410708,0.8591202003881335,0.6471209286977394,1.4142135623730951,2,0.6665115160867572,3,1,0.8865425336655443,1.001343001164835
0.5463630808517337,0.2341926749795675,0.197429230586142,1.4142135623730951,3,0.986305865459144,1,0,0.39592477299822126,1.059535725885308
0.4359397981315851,0.2341926749795675,0.197429230586142,1.4142135623730951,3,0.986305865459144,1,0,0.4060059978046802,1.058044401491238
0.5463630808517337,0.2207676358520984,0.197429230586142,1.4142135623730951,3,0.986305865459144,1,0,0.4244561671639844,1.0376841437451283
0.5463630808517337,0.2341926749795675,0.8448961533000194,1.4142135623730951,3,0.986305865459144,1,0,0.8852613501459107,1.1375604605434007
0.5463630808517337,0.2341926749795675,0.197429230586142,0.9753552006406848,3,0.986305865459144,1,0,0.495464493719788,1.0524474881426868
0.5463630808517337,0.2341926749795675,0.197429230586142,1.4142135623730951,0,0.986305865459144,1,0,0.3979695868548866,1.1075377200152128
0.5463630808517337,0.2341926749795675,0.197429230586142,1.4142135623730951,3,0.0555743630975484,1,0,0.5063973704124899,1.0093067420223627
0.5463630808517337,0.2341926749795675,0.197429230586142,1.4142135623730951,3,0.986305865459144,2,0,0.4641979496716759,1.0313609687411098
0.5463630808517337,0.2341926749795675,0.197429230586142,1.4142135623730951,3,0.986305865459144,1,0,0.43301612108901183,1.0313185809690895
0.4359397981315851,0.2207676358520984,0.8448961533000194,0.9753552006406848,0,0.0555743630975484,2,0,0.8342109256079131,0.76218249056047
0.8053969368338585,0.5097244884818792,0.8966317654611762,1.105731148884066,2,0.7014064649119973,2,0,0.8614017223922241,1.0104554454383468
0.1437618182972073,0.5097244884818792,0.8966317654611762,1.105731148884066,2,0.7014064649119973,2,0,0.8605099620765937,1.0065329871210649
0.8053969368338585,0.4031197084113955,0.8966317654611762,1.105731148884066,2,0.7014064649119973,2,0,0.8591329451440813,0.9898742843952055
0.8053969368338585,0.5097244884818792,1.201851169938492,1.4142135623730951,2,0.7014064649119973,2,0,1.1857625366885727,1.0137505236011644
0.8053969368338585,0.5097244884818792,0.8966317654611762,1.1988550558449738,2,0.7014064649119973,2,0,0.8584610457889718,1.0400504720041999
0.8053969368338585,0.5097244884818792,0.8966317654611762,1.105731148884066,3,0.7014064649119973,2,0,0.8590814635287414,1.0224449067154056
0.8053969368338585,0.5097244884818792,0.8966317654611762,1.105731148884066,2,0.8174649672582746,2,0,0.8608303229730839,1.037542737193104
0.8053969368338585,0.5097244884818792,0.8966317654611762,1.105731148884066,2,0.7014064649119973,1,0,0.861652760914875,1.1241014506126716
0.8053969368338585,0.5097244884818792,0.8966317654611762,1.105731148884066,2,0.7014064649119973,2,1,0.8585447252965211,1.0064374251069732
0.1437618182972073,0.4031197084113955,1.201851169938492,1.4142135623730951,3,0.8174649672582746,1,1,1.0870189721982666,1.162772423522587
0.4392392253503203,0.4875698033720255,0.5362183457042048,1.4142135623730951,1,0.4302400732412934,2,1,0.8337837026439296,0.8924179123193309
0.5963469576090574,0.4875698033720255,0.5362183457042048,1.4142135623730951,1,0.4302400732412934,2,1,0.8649342283953975,0.9176034247604525
0.4392392253503203,0.5169933475553989,0.5362183457042048,1.4142135623730951,1,0.4302400732412934,2,1,0.86076825349947,0.921714771527797
0.4392392253503203,0.4875698033720255,0.2892383363147051,0.5113384907286801,1,0.4302400732412934,2,1,0.8586165109650715,0.9502889762986958
0.4392392253503203,0.4875698033720255,0.5362183457042048,1.4142135623730951,1,0.4302400732412934,2,1,0.850408049069498,0.898663204726649
0.4392392253503203,0.4875698033720255,0.5362183457042048,1.4142135623730951,1,0.4302400732412934,2,1,0.875793740889065,1.0858843383687258
0.4392392253503203,0.4875698033720255,0.5362183457042048,1.4142135623730951,1,0.4604341313242912,2,1,0.8845855894351585,0.9550722217709562
0.4392392253503203,0.4875698033720255,0.5362183457042048,1.4142135623730951,1,0.4302400732412934,3,1,0.8738149858204933,0.9038261276637475
0.4392392253503203,0.4875698033720255,0.5362183457042048,1.4142135623730951,1,0.4302400732412934,2,0,0.8585563545833811,0.9532308239716093
0.5963469576090574,0.5169933475553989,0.2892383363147051,1.4142135623730951,1,0.4604341313242912,3,0,0.7155069822867108,0.9444116354671661
0.4338783016428351,0.9363655811175704,0.9818669229799324,1.4142135623730951,2,0.3028494380414486,3,1,0.8608345551922973,0.9841625732673842
0.7650438193231821,0.9363655811175704,0.9818669229799324,1.4142135623730951,2,0.3028494380414486,3,1,0.8520325034758757,1.0075125623081078
0.4338783016428351,0.2670214343816042,0.9818669229799324,1.4142135623730951,2,0.3028494380414486,3,1,0.9506576956845042,0.9801751878164358
0.4338783016428351,0.9363655811175704,0.2219304738360482,1.4142135623730951,2,0.3028494380414486,3,1,0.7898427421134789,0.9758484131743798
0.4338783016428351,0.9363655811175704,0.9818669229799324,1.4142135623730951,2,0.3028494380414486,3,1,0.8597999179097737,1.0014798737802106
0.4338783016428351,0.9363655811175704,0.9818669229799324,1.4142135623730951,0,0.3028494380414486,3,1,0.8548390392863171,0.8555459635155265
0.4338783016428351,0.9363655811175704,0.9818669229799324,1.4142135623730951,2,0.7907091649249196,3,1,0.8602589235539431,0.9903524764803173
0.4338783016428351,0.9363655811175704,0.9818669229799324,1.4142135623730951,2,0.3028494380414486,2,1,0.8543012807240173,0.9778303403846936
0.4338783016428351,0.9363655811175704,0.9818669229799324,1.4142135623730951,2,0.3028494380414486,3,1,0.8557045486292387,0.9751694847481117
0.7650438193231821,0.2670214343816042,0.2219304738360482,0.338845153304425,0,0.7907091649249196,2,1,0.8577594118363603,0.9385281370314531
0.8175831288099289,0.0667985482141375,0.6346600496164556,0.7248580512309303,1,0.5631849206984043,1,0,0.8589428187810623,1.0946751287602734
0.4989974359050393,0.0667985482141375,0.6346600496164556,0.7248580512309303,1,0.5631849206984043,1,0,0.8557045486292373,1.0582162224095433
0.8175831288099289,0.6530906679108739,0.6346600496164556,0.7248580512309303,1,0.5631849206984043,1,0,0.8592141613569214,1.0162571240787992
0.8175831288099289,0.0667985482141375,1.0936547952580824,1.4142135623730951,1,0.5631849206984043,1,0,0.9650981920934457,0.9842526732506295
0.8175831288099289,0.0667985482141375,0.6346600496164556,1.3117567731817683,1,0.5631849206984043,1,0,0.7987278583044024,0.9973969735669044
0.8175831288099289,0.0667985482141375,0.6346600496164556,0.7248580512309303,2,0.5631849206984043,1,0,0.8536531690469076,0.9838919024075493
0.8175831288099289,0.0667985482141375,0.6346600496164556,0.7248580512309303,1,0.4333731383085251,1,0,0.8619731218113679,0.916634958362538
0.8175831288099289,0.0667985482141375,0.6346600496164556,0.7248580512309303,1,0.5631849206984043,3,0,0.8599816340585817,0.9851872312247475
0.8175831288099289,0.0667985482141375,0.6346600496164556,0.7248580512309303,1,0.5631849206984043,1,0,0.8614017223922246,1.0717718868343877
0.4989974359050393,0.6530906679108739,1.0936547952580824,1.3117567731817683,2,0.4333731383085251,3,0,1.2248093294063098,0.984064647330329
0.5810116408392787,0.6584618939086795,1.3427747884902097,1.4142135623730951,0,0.874469181522727,3,0,1.2849925607191075,1.0816818966028037
0.2066970448940992,0.6584618939086795,1.3427747884902097,1.4142135623730951,0,0.874469181522727,3,0,1.3796621055357605,1.068091304373801
0.5810116408392787,0.9707958120852708,1.3427747884902097,1.4142135623730951,0,0.874469181522727,3,0,1.3839660117027828,0.9987735326145294
0.5810116408392787,0.6584618939086795,0.7321094731520572,1.4142135623730951,0,0.874469181522727,3,0,0.9352799563994703,1.142373991494625
0.5810116408392787,0.6584618939086795,1.3427747884902097,1.4142135623730951,0,0.874469181522727,3,0,1.2866120156368062,0.978406285452448
0.5810116408392787,0.6584618939086795,1.3427747884902097,1.4142135623730951,1,0.874469181522727,3,0,1.286914973787254,1.0379840591673972
0.5810116408392787,0.6584618939086795,1.3427747884902097,1.4142135623730951,0,0.6935877529904246,3,0,1.4014360901028602,0.9548066785182379
0.5810116408392787,0.6584618939086795,1.3427747884902097,1.4142135623730951,0,0.874469181522727,2,0,1.3018347367879264,1.0464037164753421
0.5810116408392787,0.6584618939086795,1.3427747884902097,1.4142135623730951,0,0.874469181522727,3,1,1.3056597007942423,1.0888038056440286
0.2066970448940992,0.9707958120852708,0.7321094731520572,0.7347060482925823,1,0.6935877529904246,2,1,0.8613670612053043,0.988458403674245
0.1675210557878017,0.3368668174371123,0.2668791605422494,1.1767123976529417,3,0.0096187125891447,2,1,0.8001327135218185,0.9972008188380811
0.5334125952795148,0.3368668174371123,0.2668791605422494,1.1767123976529417,3,0.0096187125891447,2,1,0.8182985067208888,0.989286817664256
0.1675210557878017,0.1090910704806447,0.2668791605422494,1.1767123976529417,3,0.0096187125891447,2,1,0.6314683070777309,1.0065333749832177
0.1675210557878017,0.3368668174371123,0.5818583605810851,1.1767123976529417,3,0.0096187125891447,2,1,0.8462351024544896,1.0081183314485427
0.1675210557878017,0.3368668174371123,0.2668791605422494,0.4687997278931063,3,0.0096187125891447,2,1,0.8608303229730834,0.9858747006729025
0.1675210557878017,0.3368668174371123,0.2668791605422494,1.1767123976529417,3,0.0096187125891447,2,1,0.802437838054947,1.0014832945723746
0.1675210557878017,0.3368668174371123,0.2668791605422494,1.1767123976529417,3,0.0823454391211271,2,1,0.8010558317711676,1.0231332758676879
0.1675210557878017,0.3368668174371123,0.2668791605422494,1.1767123976529417,3,0.0096187125891447,1,1,0.7915389088808913,1.0212123732085232
0.1675210557878017,0.3368668174371123,0.2668791605422494,1.1767123976529417,3,0.0096187125891447,2,0,0.6941602485042161,1.0073903386792198
0.5334125952795148,0.1090910704806447,0.5818583605810851,1.4142135623730951,3,0.0823454391211271,1,0,0.8246254345705099,1.0466693823493216
0.0197494868189096,0.5999274291098118,0.4581415485479744,1.3394520363207318,3,0.482359416782856,2,0,0.8098191667224519,1.0141018556039532
0.0039272867143154,0.5999274291098118,0.4581415485479744,1.3394520363207318,3,0.482359416782856,2,0,0.8208726344633567,1.0188048278847541
0.0197494868189096,0.5721363835036755,0.4581415485479744,1.3394520363207318,3,0.482359416782856,2,0,0.8181721392803855,1.0281421022683725
0.0197494868189096,0.5999274291098118,1.0128094124529308,1.3394520363207318,3,0.482359416782856,2,0,1.1117244399847834,1.0260921035216453
0.0197494868189096,0.5999274291098118,0.4581415485479744,0.6215043494444223,3,0.482359416782856,2,0,0.8048914527527242,1.0262483074834938
0.0197494868189096,0.5999274291098118,0.4581415485479744,1.3394520363207318,1,0.482359416782856,2,0,0.8027223774851941,0.9583432437398395
0.0197494868189096,0.5999274291098118,0.4581415485479744,1.3394520363207318,3,0.3159708948805928,2,0,0.8229478622714773,1.0225099631906205
0.0197494868189096,0.5999274291098118,0.4581415485479744,1.3394520363207318,3,0.482359416782856,1,0,0.7890255364876033,1.1020500503634207
0.0197494868189096,0.5999274291098118,0.4581415485479744,1.3394520363207318,3,0.482359416782856,2,0,0.8113903800975317,1.018995477552523
0.0039272867143154,0.5721363835036755,1.0128094124529308,1.4142135623730951,1,0.3159708948805928,1,0,1.082568813399481,0.9680604809170699
0.7317166524007916,0.4032102897763252,0.8048318754044579,1.4142135623730951,0,0.6516190320253372,1,1,0.8558171563249107,1.0113897872029036
0.7398492312058806,0.4032102897763252,0.8048318754044579,1.4142135623730951,0,0.6516190320253372,1,1,0.8656397950907398,1.0335406896019785
0.7317166524007916,0.4418478487059474,0.8048318754044579,1.4142135623730951,0,0.6516190320253372,1,1,0.8728804936934655,0.9195408854723587
0.7317166524007916,0.4032102897763252,0.5000319295344127,0.5679684254294997,0,0.6516190320253372,1,1,0.8612284164576248,1.0373191711748762
0.7317166524007916,0.4032102897763252,0.8048318754044579,0.8874113362909404,0,0.6516190320253372,1,1,0.8424325500900884,0.9753565834762233
0.7317166524007916,0.4032102897763252,0.8048318754044579,1.4142135623730951,3,0.6516190320253372,1,1,0.8847700803689684,1.1508362367841978
0.7317166524007916,0.4032102897763252,0.8048318754044579,1.4142135623730951,0,0.9549726992845536,1,1,0.8716307224838133,1.487766082726803
0.7317166524007916,0.4032102897763252,0.8048318754044579,1.4142135623730951,0,0.6516190320253372,2,1,0.8857204908689312,0.9061340947895238
0.7317166524007916,0.4032102897763252,0.8048318754044579,1.4142135623730951,0,0.6516190320253372,1,1,0.884412086423721,0.9848887102455437
0.7398492312058806,0.4418478487059474,0.5000319295344127,0.8874113362909404,3,0.9549726992845536,2,1,0.8439469244824029,1.0297087021786862
0.99465592764318,0.8698965832591057,0.0898427537309104,0.9073642378464316,1,0.9106647986918688,3,1,0.6764816161609832,1.1027985094826622
0.9617091044783592,0.8698965832591057,0.0898427537309104,0.9073642378464316,1,0.9106647986918688,3,1,0.74995174271857,1.0781999584114943
0.99465592764318,0.1822825036942958,0.0898427537309104,0.9073642378464316,1,0.9106647986918688,3,1,0.6737581142078838,1.0608096272606333
0.99465592764318,0.8698965832591057,0.1546002827473037,0.9073642378464316,1,0.9106647986918688,3,1,0.7986789463664222,1.1478937398636266
0.99465592764318,0.8698965832591057,0.0898427537309104,1.111275161142257,1,0.9106647986918688,3,1,0.5104074949261738,1.060167835842032
0.99465592764318,0.8698965832591057,0.0898427537309104,0.9073642378464316,0,0.9106647986918688,3,1,0.6799917507169241,1.1555782584317444
0.99465592764318,0.8698965832591057,0.0898427537309104,0.9073642378464316,1,0.1680666236206889,3,1,0.7281899061544388,0.9634805447520419
0.99465592764318,0.8698965832591057,0.0898427537309104,0.9073642378464316,1,0.9106647986918688,3,1,0.6799924423481979,1.2092130958232277
0.99465592764318,0.8698965832591057,0.0898427537309104,0.9073642378464316,1,0.9106647986918688,3,0,0.6801839443540333,0.9963145137864405
0.9617091044783592,0.1822825036942958,0.1546002827473037,1.111275161142257,0,0.1680666236206889,3,0,0.3908489283590508,1.0809630058753164
0.253879570402205,0.1254516132175922,1.1662576255841686,1.4142135623730951,2,0.2052343729883432,1,0,1.0377489349821531,1.0119373113675696
0.2903625844046473,0.1254516132175922,1.1662576255841686,1.4142135623730951,2,0.2052343729883432,1,0,1.0116090487344858,1.023744185045505
0.253879570402205,0.8037323681637645,1.1662576255841686,1.4142135623730951,2,0.2052343729883432,1,0,1.2809435115033037,1.0081286590287177
0.253879570402205,0.1254516132175922,1.359859168950604,1.4142135623730951,2,0.2052343729883432,1,0,1.027446005321634,1.0105643611289166
0.253879570402205,0.1254516132175922,1.1662576255841686,1.4142135623730951,2,0.2052343729883432,1,0,1.0011659152335144,0.9796104814233401
0.253879570402205,0.1254516132175922,1.1662576255841686,1.4142135623730951,2,0.2052343729883432,1,0,1.015517308448699,1.0190190330363644
0.253879570402205,0.1254516132175922,1.1662576255841686,1.4142135623730951,2,0.5609747599810362,1,0,1.0064770045044076,1.0554920306712348
0.253879570402205,0.1254516132175922,1.1662576255841686,1.4142135623730951,2,0.2052343729883432,1,0,1.0536143183749935,1.0775038512039465
0.253879570402205,0.1254516132175922,1.1662576255841686,1.4142135623730951,2,0.2052343729883432,1,1,1.0134816908683635,1.0466136079755486
0.2903625844046473,0.8037323681637645,1.359859168950604,1.4142135623730951,2,0.5609747599810362,1,1,1.5201407700409,1.0405300838869875
0.2903863312676549,0.8251281920820475,0.6914974153005775,1.063585206530415,0,0.6675130408257246,2,1,0.8576039466602599,0.9537885278884849
0.4455440081655979,0.8251281920820475,0.6914974153005775,1.063585206530415,0,0.6675130408257246,2,1,0.8614017223922246,1.0031142264427089
0.2903863312676549,0.2006296701729297,0.6914974153005775,1.063585206530415,0,0.6675130408257246,2,1,0.8449033684460279,1.011447740979205
0.2903863312676549,0.8251281920820475,1.3945091230750206,1.4142135623730951,0,0.6675130408257246,2,1,1.419547339443242,1.096304381859113
0.2903863312676549,0.8251281920820475,0.6914974153005775,1.4142135623730951,0,0.6675130408257246,2,1,0.8787710228918568,0.9934487287163962
0.2903863312676549,0.8251281920820475,0.6914974153005775,1.063585206530415,1,0.6675130408257246,2,1,0.8569597412424897,0.9232749285774389
0.2903863312676549,0.8251281920820475,0.6914974153005775,1.063585206530415,0,0.6423544008284807,2,1,0.8616527609148761,0.9604125151349681
0.2903863312676549,0.8251281920820475,0.6914974153005775,1.063585206530415,0,0.6675130408257246,3,1,0.8605099620765941,0.9914168179505352
0.2903863312676549,0.8251281920820475,0.6914974153005775,1.063585206530415,0,0.6675130408257246,2,0,0.8586165109650717,0.8706159350296926
0.4455440081655979,0.2006296701729297,1.3945091230750206,1.4142135623730951,1,0.6423544008284807,3,0,1.088525779651056,0.9124584904384113
0.9532665628939868,0.1780936624854803,1.0520877675275977,1.4142135623730951,3,0.4659621175378561,2,0,1.0325124796431762,1.0027279949529584
0.8062829216942191,0.1780936624854803,1.0520877675275977,1.4142135623730951,3,0.4659621175378561,2,0,1.0113125410145902,1.018520673485208
0.9532665628939868,0.8133392436429858,1.0520877675275977,1.4142135623730951,3,0.4659621175378561,2,0,1.2298578799325572,1.0030372807839172
0.9532665628939868,0.1780936624854803,0.0979607530530028,0.4647458872697357,3,0.4659621175378561,2,0,0.8381470544465301,1.0084373038327887
0.9532665628939868,0.1780936624854803,1.0520877675275977,1.4142135623730951,3,0.4659621175378561,2,0,1.0246186278416718,1.0239065088145143
0.9532665628939868,0.1780936624854803,1.0520877675275977,1.4142135623730951,3,0.4659621175378561,2,0,0.9889683495066698,1.0238946950204975
0.9532665628939868,0.1780936624854803,1.0520877675275977,1.4142135623730951,3,0.0035890480503439,2,0,0.9984770748177788,0.9934712786557844
0.9532665628939868,0.1780936624854803,1.0520877675275977,1.4142135623730951,3,0.4659621175378561,2,0,0.9926276328281604,1.0287232957312151
0.9532665628939868,0.1780936624854803,1.0520877675275977,1.4142135623730951,3,0.4659621175378561,2,1,1.0090417436802956,1.0191331069361953
0.8062829216942191,0.8133392436429858,0.0979607530530028,1.0371947979675478,3,0.0035890480503439,2,1,0.716815949407583,0.9957942753012192
0.6952101001515985,0.5785948690026999,0.3508227239371222,0.8324583101056249,2,0.221567053347826,1,0,0.8340526627970343,0.98705971436753
0.5204599797725677,0.5785948690026999,0.3508227239371222,0.8324583101056249,2,0.221567053347826,1,0,0.8554550716383491,1.0031903583425175
0.6952101001515985,0.5605754889547825,0.3508227239371222,0.8324583101056249,2,0.221567053347826,1,0,0.8445084085777879,0.9884838913436904
0.6952101001515985,0.5785948690026999,0.4461765468957566,0.8324583101056249,2,0.221567053347826,1,0,0.8368928643013371,1.0719482334104569
0.6952101001515985,0.5785948690026999,0.3508227239371222,1.1617020425343438,2,0.221567053347826,1,0,0.8054476747585888,1.0052579984976961
0.6952101001515985,0.5785948690026999,0.3508227239371222,0.8324583101056249,0,0.221567053347826,1,0,0.8480149868179344,0.9106508197987084
0.6952101001515985,0.5785948690026999,0.3508227239371222,0.8324583101056249,2,0.8733565472066402,1,0,0.8447202863343044,1.111330087885303
0.6952101001515985,0.5785948690026999,0.3508227239371222,0.8324583101056249,2,0.221567053347826,1,0,0.8426442527162871,1.0239486661964015
0.6952101001515985,0.5785948690026999,0.3508227239371222,0.8324583101056249,2,0.221567053347826,1,0,0.8218839763411616,1.0021358072206847
0.5204599797725677,0.5605754889547825,0.4461765468957566,1.1617020425343438,0,0.8733565472066402,1,0,0.7838437624891414,1.09720625191524
0.0611390601843595,0.416791507974267,1.3969380630768606,1.4142135623730951,1,0.8948359005153179,3,1,1.1719940745329118,0.984365211291285
0.2240523798391223,0.416791507974267,1.3969380630768606,1.4142135623730951,1,0.8948359005153179,3,1,1.236498694961881,1.0534230333398742
0.0611390601843595,0.4254545820876956,1.3969380630768606,1.4142135623730951,1,0.8948359005153179,3,1,1.2362149951683876,1.0094370291821548
0.0611390601843595,0.416791507974267,1.0444601230803272,1.4142135623730951,1,0.8948359005153179,3,1,1.0762033734464276,1.0066465060662773
0.0611390601843595,0.416791507974267,1.3969380630768606,1.4142135623730951,1,0.8948359005153179,3,1,1.2551430872750975,0.9777391716249021
0.0611390601843595,0.416791507974267,1.3969380630768606,1.4142135623730951,2,0.8948359005153179,3,1,1.2069277875954074,1.0286743446732898
0.0611390601843595,0.416791507974267,1.3969380630768606,1.4142135623730951,1,0.4806849816814065,3,1,1.2300854430925143,0.8984225363040069
0.0611390601843595,0.416791507974267,1.3969380630768606,1.4142135623730951,1,0.8948359005153179,2,1,1.2511709033697853,0.9822469001992894
0.0611390601843595,0.416791507974267,1.3969380630768606,1.4142135623730951,1,0.8948359005153179,3,1,1.2391365126637242,0.9662933017097641
0.2240523798391223,0.4254545820876956,1.0444601230803272,1.4142135623730951,2,0.4806849816814065,2,1,1.1378559659965573,1.0239228562739011
0.1261316910386085,0.6449417108669877,0.8755692717274727,1.4142135623730951,1,0.6098365876823664,1,0,0.9441243238163667,1.0815322508567227
0.690790506079793,0.6449417108669877,0.8755692717274727,1.4142135623730951,1,0.6098365876823664,1,0,0.8780265076622324,1.0389751285322932
0.1261316910386085,0.8962471876293421,0.8755692717274727,1.4142135623730951,1,0.6098365876823664,1,0,0.8565661255461198,1.0231345300870929
0.1261316910386085,0.6449417108669877,0.5473362009697097,1.4142135623730951,1,0.6098365876823664,1,0,0.8630912232909226,1.0146402297264805
0.1261316910386085,0.6449417108669877,0.8755692717274727,1.4142135623730951,1,0.6098365876823664,1,0,0.8661551156670241,0.9717536128990012
0.1261316910386085,0.6449417108669877,0.8755692717274727,1.4142135623730951,0,0.6098365876823664,1,0,0.923069917426278,1.0460596651994651
0.1261316910386085,0.6449417108669877,0.8755692717274727,1.4142135623730951,1,0.245999040082097,1,0,0.8968052573417579,0.9109113396748202
0.1261316910386085,0.6449417108669877,0.8755692717274727,1.4142135623730951,1,0.6098365876823664,3,0,0.9535845102216544,0.954381729940926
0.1261316910386085,0.6449417108669877,0.8755692717274727,1.4142135623730951,1,0.6098365876823664,1,1,0.8594591185777142,1.0198980689509762
0.690790506079793,0.8962471876293421,0.5473362009697097,1.4142135623730951,0,0.245999040082097,3,1,0.8703185468198138,0.8497543085257792
0.6175184017047286,0.3582604127004742,0.5144623624567469,0.9820777112231366,2,0.2566705513745546,3,1,0.8326616383503421,0.9897163823611865
0.0495609724894166,0.3582604127004742,0.5144623624567469,0.9820777112231366,2,0.2566705513745546,3,1,0.8310791187948604,0.9751871274052365
0.6175184017047286,0.0238497154787182,0.5144623624567469,0.9820777112231366,2,0.2566705513745546,3,1,0.8022046273896113,1.0131365000884216
0.6175184017047286,0.3582604127004742,0.7886205445204529,0.9820777112231366,2,0.2566705513745546,3,1,0.8605530334777242,0.9946529454931895
0.6175184017047286,0.3582604127004742,0.5144623624567469,1.3594865302236732,2,0.2566705513745546,3,1,0.8321423597199754,0.9874992833610671
0.6175184017047286,0.3582604127004742,0.5144623624567469,0.9820777112231366,2,0.2566705513745546,3,1,0.8451989485531732,0.9956685179866142
0.6175184017047286,0.3582604127004742,0.5144623624567469,0.9820777112231366,2,0.6030833562836051,3,1,0.8398186607798277,0.991877823899052
0.6175184017047286,0.3582604127004742,0.5144623624567469,0.9820777112231366,2,0.2566705513745546,1,1,0.8456675811432406,1.0849074536486254
0.6175184017047286,0.3582604127004742,0.5144623624567469,0.9820777112231366,2,0.2566705513745546,3,0,0.8326148548210575,0.958844243752523
0.0495609724894166,0.0238497154787182,0.7886205445204529,1.3594865302236732,2,0.6030833562836051,1,0,0.7700427234923914,1.0500976302635718
0.8589727021753788,0.8837845670059323,1.2199016509971656,1.4142135623730951,3,0.0557401180267334,2,1,1.429302840968044,1.0054303717902544
0.2808277662843466,0.8837845670059323,1.2199016509971656,1.4142135623730951,3,0.0557401180267334,2,1,1.5662074499657443,1.0025262610362389
0.8589727021753788,0.3503096047788858,1.2199016509971656,1.4142135623730951,3,0.0557401180267334,2,1,1.1218710924180217,1.0022722890502964
0.8589727021753788,0.8837845670059323,1.1476413441576605,1.4142135623730951,3,0.0557401180267334,2,1,1.4127592131830018,0.9981521892759503
0.8589727021753788,0.8837845670059323,1.2199016509971656,1.4142135623730951,3,0.0557401180267334,2,1,1.5869023615125544,0.9895619496676544
0.8589727021753788,0.8837845670059323,1.2199016509971656,1.4142135623730951,1,0.0557401180267334,2,1,1.497522016067119,0.9441552837914768
0.8589727021753788,0.8837845670059323,1.2199016509971656,1.4142135623730951,3,0.2699713073670864,2,1,1.2833651056479014,1.0031270222166793
0.8589727021753788,0.8837845670059323,1.2199016509971656,1.4142135623730951,3,0.0557401180267334,1,1,1.446470754559391,1.0465290893198673
0.8589727021753788,0.8837845670059323,1.2199016509971656,1.4142135623730951,3,0.0557401180267334,2,1,1.4155089088741495,1.0027763244628247
0.2808277662843466,0.3503096047788858,1.1476413441576605,1.4142135623730951,1,0.2699713073670864,1,1,1.0800036563614663,0.9326573921549453
0.3973717493936419,0.1116279745474457,0.1743055662994374,1.2813085490208802,0,0.8278745040297508,2,0,0.3812438606566374,1.062570764417115
0.982482356019318,0.1116279745474457,0.1743055662994374,1.2813085490208802,0,0.8278745040297508,2,0,0.3987522601784027,1.0479093583234667
0.3973717493936419,0.729592596180737,0.1743055662994374,1.2813085490208802,0,0.8278745040297508,2,0,0.5190305779977298,1.0314924014120264
0.3973717493936419,0.1116279745474457,0.1901492818340182,1.2813085490208802,0,0.8278745040297508,2,0,0.41597097011311474,1.0396042577652196
0.3973717493936419,0.1116279745474457,0.1743055662994374,0.4405488955337845,0,0.8278745040297508,2,0,0.8606570170384839,0.9944418257050864
0.3973717493936419,0.1116279745474457,0.1743055662994374,1.2813085490208802,3,0.8278745040297508,2,0,0.3932618190499019,1.0223933352915962
0.3973717493936419,0.1116279745474457,0.1743055662994374,1.2813085490208802,0,0.8809617916122079,2,0,0.39344242598520385,1.080495433820655
0.3973717493936419,0.1116279745474457,0.1743055662994374,1.2813085490208802,0,0.8278745040297508,3,0,0.39621774931776615,1.0869580551271474
0.3973717493936419,0.1116279745474457,0.1743055662994374,1.2813085490208802,0,0.8278745040297508,2,0,0.40302326793150633,1.1131182256779402
0.982482356019318,0.729592596180737,0.1901492818340182,0.4405488955337845,3,0.8809617916122079,3,0,0.8559724075803098,1.007444045358347
0.479880872182548,0.5623683221638203,1.1442369680305964,1.4142135623730951,3,0.9386621536687016,1,0,1.1965852962960932,1.1239353863830148
0.628664874471724,0.5623683221638203,1.1442369680305964,1.4142135623730951,3,0.9386621536687016,1,0,1.1655494517886353,1.126319302543445
0.479880872182548,0.4795645354315638,1.1442369680305964,1.4142135623730951,3,0.9386621536687016,1,0,1.1153326522295475,1.158868021855573
0.479880872182548,0.5623683221638203,0.3431170366972998,0.9553365183913802,3,0.9386621536687016,1,0,0.7873991814728236,1.1202211704066638
0.479880872182548,0.5623683221638203,1.1442369680305964,1.4142135623730951,3,0.9386621536687016,1,0,1.0877719221845632,1.1501286460403195
0.479880872182548,0.5623683221638203,1.1442369680305964,1.4142135623730951,2,0.9386621536687016,1,0,1.1200694065317789,1.1218198534284383
0.479880872182548,0.5623683221638203,1.1442369680305964,1.4142135623730951,3,0.3679560907185077,1,0,1.1247519225419769,1.0559695843361285
0.479880872182548,0.5623683221638203,1.1442369680305964,1.4142135623730951,3,0.9386621536687016,1,0,1.1373298617935472,1.121541611912444
0.479880872182548,0.5623683221638203,1.1442369680305964,1.4142135623730951,3,0.9386621536687016,1,1,1.2306244472834325,1.119144900441501
0.628664874471724,0.4795645354315638,0.3431170366972998,0.6839616931299093,2,0.3679560907185077,1,1,0.8589428187810607,1.0399669910382103
0.7676847092807293,0.4427993819117546,0.0690343238342085,0.310923306073689,0,0.1793098943307995,3,1,0.8386466681971213,0.810573268518995
0.1116874683648347,0.4427993819117546,0.0690343238342085,0.310923306073689,0,0.1793098943307995,3,1,0.8583882397903416,0.8542339387453138
0.7676847092807293,0.6003386192023754,0.0690343238342085,0.310923306073689,0,0.1793098943307995,3,1,0.8428732923412043,0.8740424528907133
0.7676847092807293,0.4427993819117546,1.1699619608320846,1.4142135623730951,0,0.1793098943307995,3,1,0.9558566486961949,0.7328110521348088
0.7676847092807293,0.4427993819117546,0.0690343238342085,0.9497655202963408,0,0.1793098943307995,3,1,0.5427227166377137,1.1762945007738705
0.7676847092807293,0.4427993819117546,0.0690343238342085,0.310923306073689,0,0.1793098943307995,3,1,0.8490834166584094,0.8159320446472994
0.7676847092807293,0.4427993819117546,0.0690343238342085,0.310923306073689,0,0.9791296953335404,3,1,0.8559724075803076,1.0335106985072813
0.7676847092807293,0.4427993819117546,0.0690343238342085,0.310923306073689,0,0.1793098943307995,2,1,0.8590814635287418,0.8454986043351613
0.7676847092807293,0.4427993819117546,0.0690343238342085,0.310923306073689,0,0.1793098943307995,3,0,0.860928359614344,0.7762555042181409
0.1116874683648347,0.6003386192023754,1.1699619608320846,1.4142135623730951,0,0.9791296953335404,2,0,1.28343735257792,1.22272927587736
0.5057211657986045,0.7844550684094429,0.7819615900684667,1.385736419876516,1,0.3831571107730269,2,1,0.8597855607760624,0.8692020447090176
0.3428325625136494,0.7844550684094429,0.7819615900684667,1.385736419876516,1,0.3831571107730269,2,1,0.8710990595257789,0.912418202527557
0.5057211657986045,0.7738215057179332,0.7819615900684667,1.385736419876516,1,0.3831571107730269,2,1,0.8577734947482972,0.9136532396236159
0.5057211657986045,0.7844550684094429,0.8104819159626123,1.385736419876516,1,0.3831571107730269,2,1,0.8599816340585834,0.8953066553551022
0.5057211657986045,0.7844550684094429,0.7819615900684667,1.073952838672803,1,0.3831571107730269,2,1,0.8609427167480541,0.9158985934259145
0.5057211657986045,0.7844550684094429,0.7819615900684667,1.385736419876516,3,0.3831571107730269,2,1,0.9071909850472853,1.0203956796871987
0.5057211657986045,0.7844550684094429,0.7819615900684667,1.385736419876516,1,0.1478158924728632,2,1,0.8620822546745727,0.8689938313724636
0.5057211657986045,0.7844550684094429,0.7819615900684667,1.385736419876516,1,0.3831571107730269,3,1,0.861652760914875,0.9020149791710328
0.5057211657986045,0.7844550684094429,0.7819615900684667,1.385736419876516,1,0.3831571107730269,2,1,0.8906794506155687,0.9123338162058208
0.3428325625136494,0.7738215057179332,0.8104819159626123,1.073952838672803,3,0.1478158924728632,3,1,0.8590814635287418,1.0055399104480007
0.2467262744903564,0.2128618992865085,0.4354421265358465,0.6104130624985474,2,0.7489927401766181,3,0,0.861499759033485,1.0568514780080676
0.9204786624759436,0.2128618992865085,0.4354421265358465,0.6104130624985474,2,0.7489927401766181,3,0,0.8359381690279392,1.035288175255769
0.2467262744903564,0.1462763510644436,0.4354421265358465,0.6104130624985474,2,0.7489927401766181,3,0,0.8619731218113649,1.0156915753167004
0.2467262744903564,0.2128618992865085,0.7037397537527093,1.4142135623730951,2,0.7489927401766181,3,0,0.8723999337927588,1.0084011417015228
0.2467262744903564,0.2128618992865085,0.4354421265358465,1.4142135623730951,2,0.7489927401766181,3,0,0.7796537205784038,1.0034429818418256
0.2467262744903564,0.2128618992865085,0.4354421265358465,0.6104130624985474,1,0.7489927401766181,3,0,0.859799917909773,1.0051007181906235
0.2467262744903564,0.2128618992865085,0.4354421265358465,0.6104130624985474,2,0.50508329924196,3,0,0.8605530334777242,0.9983303225228716
0.2467262744903564,0.2128618992865085,0.4354421265358465,0.6104130624985474,2,0.7489927401766181,2,0,0.8618894423038169,1.0269622409482053
0.2467262744903564,0.2128618992865085,0.4354421265358465,0.6104130624985474,2,0.7489927401766181,3,0,0.8591329451440813,0.9820423827715038
0.9204786624759436,0.1462763510644436,0.7037397537527093,1.4142135623730951,1,0.50508329924196,2,0,0.8523984775549406,0.8874846022771963
0.0655146595090627,0.9759236192330718,0.2455513023477872,0.4034793448370072,2,0.7761275703087449,1,1,0.8605530334777243,1.1599953278026554
0.3834328642114997,0.9759236192330718,0.2455513023477872,0.4034793448370072,2,0.7761275703087449,1,1,0.8551331492100985,1.1000937103688204
0.0655146595090627,0.6754263760522008,0.2455513023477872,0.4034793448370072,2,0.7761275703087449,1,1,0.8581243490410316,1.1311344233235474
0.0655146595090627,0.9759236192330718,0.8916231867664673,1.4142135623730951,2,0.7761275703087449,1,1,0.8897610767820464,1.1085472638188865
0.0655146595090627,0.9759236192330718,0.2455513023477872,0.2988310485978376,2,0.7761275703087449,1,1,0.8598087753245383,1.1552388376819414
0.0655146595090627,0.9759236192330718,0.2455513023477872,0.4034793448370072,3,0.7761275703087449,1,1,0.8572205223784146,1.1494793957944809
0.0655146595090627,0.9759236192330718,0.2455513023477872,0.4034793448370072,2,0.7684747762978077,1,1,0.8608080652511767,1.1104885723168825
0.0655146595090627,0.9759236192330718,0.2455513023477872,0.4034793448370072,2,0.7761275703087449,2,1,0.8591659600630632,1.0493795869266476
0.0655146595090627,0.9759236192330718,0.2455513023477872,0.4034793448370072,2,0.7761275703087449,1,0,0.8539894933015167,1.107129617516923
0.3834328642114997,0.6754263760522008,0.8916231867664673,1.4142135623730951,3,0.7684747762978077,2,0,0.9572116503655574,1.045957572474731
0.6820385837927461,0.029208387248218,1.3212732009861852,1.4142135623730951,1,0.1058827945962548,2,0,0.9237993501225364,0.8528111728683215
0.8683932609856129,0.029208387248218,1.3212732009861852,1.4142135623730951,1,0.1058827945962548,2,0,0.9457202084143626,1.02525916483987
0.6820385837927461,0.3106046486645937,1.3212732009861852,1.4142135623730951,1,0.1058827945962548,2,0,1.0844410414905286,0.8958750178305123
0.6820385837927461,0.029208387248218,0.4237251011351985,1.224636799377982,1,0.1058827945962548,2,0,0.5088599358853974,0.912088177615662
0.6820385837927461,0.029208387248218,1.3212732009861852,1.4142135623730951,1,0.1058827945962548,2,0,0.9118928155334521,0.9553360358656353
0.6820385837927461,0.029208387248218,1.3212732009861852,1.4142135623730951,1,0.1058827945962548,2,0,0.9174244186618463,0.8608398902545822
0.6820385837927461,0.029208387248218,1.3212732009861852,1.4142135623730951,1,0.3754980498924851,2,0,0.9144411402198473,0.9237799618327217
0.6820385837927461,0.029208387248218,1.3212732009861852,1.4142135623730951,1,0.1058827945962548,3,0,0.9261975916384162,0.890884463084476
0.6820385837927461,0.029208387248218,1.3212732009861852,1.4142135623730951,1,0.1058827945962548,2,1,0.91217896844936,0.8596059058712677
0.8683932609856129,0.3106046486645937,0.4237251011351985,1.271844479456115,1,0.3754980498924851,3,1,0.8047797229747442,0.9215168455551673
0.9195877108722924,0.7459022803232074,0.6124770213289952,1.4142135623730951,0,0.3317103264853358,1,0,0.8860573831413161,0.9755761698018358
0.5824483884498477,0.7459022803232074,0.6124770213289952,1.4142135623730951,0,0.3317103264853358,1,0,0.8701096646196208,0.9211535580531129
0.9195877108722924,0.0633111866191029,0.6124770213289952,1.4142135623730951,0,0.3317103264853358,1,0,0.7630519346994796,0.8872696773451252
0.9195877108722924,0.7459022803232074,0.0762275027619606,0.1726113670393317,0,0.3317103264853358,1,0,0.8586165109650723,0.9132108155684975
0.9195877108722924,0.7459022803232074,0.6124770213289952,0.7937806543064486,0,0.3317103264853358,1,0,0.8563154523016008,0.8649297752158492
0.9195877108722924,0.7459022803232074,0.6124770213289952,1.4142135623730951,2,0.3317103264853358,1,0,0.8805256995525891,1.028138051744238
0.9195877108722924,0.7459022803232074,0.6124770213289952,1.4142135623730951,0,0.7475566063076258,1,0,0.8691873213873595,1.0477479456473677
0.9195877108722924,0.7459022803232074,0.6124770213289952,1.4142135623730951,0,0.3317103264853358,3,0,0.8575782349855838,0.8636083775312273
0.9195877108722924,0.7459022803232074,0.6124770213289952,1.4142135623730951,0,0.3317103264853358,1,0,0.8611432621312273,0.870562181925253
0.5824483884498477,0.0633111866191029,0.0762275027619606,0.7937806543064486,2,0.7475566063076258,3,0,0.8095980810277718,1.0202344383233541
0.3328492986038327,0.2514554029330611,0.9584799278179098,1.4142135623730951,3,0.5361575288698077,3,1,0.9086204401869887,1.004476061633143
0.1620629280805587,0.2514554029330611,0.9584799278179098,1.4142135623730951,3,0.5361575288698077,3,1,0.9348129080306699,1.0127166490255635
0.3328492986038327,0.950658680871129,0.9584799278179098,1.4142135623730951,3,0.5361575288698077,3,1,0.8868253209651206,1.0045688444472516
0.3328492986038327,0.2514554029330611,1.237977438604192,1.4142135623730951,3,0.5361575288698077,3,1,1.0701298126070438,1.0184060024006192
0.3328492986038327,0.2514554029330611,0.9584799278179098,1.4142135623730951,3,0.5361575288698077,3,1,0.8907012712786235,1.0149493450628888
0.3328492986038327,0.2514554029330611,0.9584799278179098,1.4142135623730951,0,0.5361575288698077,3,1,0.8672144522006225,0.9602864604404426
0.3328492986038327,0.2514554029330611,0.9584799278179098,1.4142135623730951,3,0.1084860628470778,3,1,0.9122344490046559,1.0100958878030082
0.3328492986038327,0.2514554029330611,0.9584799278179098,1.4142135623730951,3,0.5361575288698077,1,1,0.9040451473194916,1.099788705350779
0.3328492986038327,0.2514554029330611,0.9584799278179098,1.4142135623730951,3,0.5361575288698077,3,1,0.907464200982972,1.0107104140156569
0.1620629280805587,0.950658680871129,1.237977438604192,1.4142135623730951,0,0.1084860628470778,1,1,1.3618603579188786,0.7847055211259173
0.3177460124716162,0.9483109060674906,1.3551300739109051,1.4142135623730951,1,0.7297755712643266,1,1,1.5622981192013365,1.0405131700550874
0.7925694873556495,0.9483109060674906,1.3551300739109051,1.4142135623730951,1,0.7297755712643266,1,1,1.611561865352931,1.0452942434813213
0.3177460124716162,0.0064439503476023,1.3551300739109051,1.4142135623730951,1,0.7297755712643266,1,1,0.812307974974385,1.787799591036193
0.3177460124716162,0.9483109060674906,0.8720094514376554,1.2417970560194975,1,0.7297755712643266,1,1,0.860928359614344,1.0544082869994842
0.3177460124716162,0.9483109060674906,1.3551300739109051,1.4142135623730951,1,0.7297755712643266,1,1,1.4696884210443981,1.0802477939014044
0.3177460124716162,0.9483109060674906,1.3551300739109051,1.4142135623730951,2,0.7297755712643266,1,1,1.61491575937207,1.0323684877553319
0.3177460124716162,0.9483109060674906,1.3551300739109051,1.4142135623730951,1,0.7566688545048237,1,1,1.5455574324171744,1.037086337864447
0.3177460124716162,0.9483109060674906,1.3551300739109051,1.4142135623730951,1,0.7297755712643266,1,1,1.53249491517878,1.1487885644681541
0.3177460124716162,0.9483109060674906,1.3551300739109051,1.4142135623730951,1,0.7297755712643266,1,0,1.3560165964003916,1.0067333489793795
0.7925694873556495,0.0064439503476023,0.8720094514376554,0.9230082207830084,2,0.7566688545048237,1,0,0.7544535384634108,1.0468511436917338
0.933720126748085,0.0484706666320562,0.2986580739802819,0.643173612916891,2,0.4042050251737237,3,0,0.8468899087036103,1.0088680696867742
0.4629282839596271,0.0484706666320562,0.2986580739802819,0.643173612916891,2,0.4042050251737237,3,0,0.8373642042810816,1.0061210177618352
0.933720126748085,0.8859439454972744,0.2986580739802819,0.643173612916891,2,0.4042050251737237,3,0,0.8585447252965211,0.9903150069866118
0.933720126748085,0.0484706666320562,0.618994206953481,0.643173612916891,2,0.4042050251737237,3,0,0.8386466681971202,1.0007973140528847
0.933720126748085,0.0484706666320562,0.2986580739802819,0.6585851322763278,2,0.4042050251737237,3,0,0.8559724075803057,1.0187318000754033
0.933720126748085,0.0484706666320562,0.2986580739802819,0.643173612916891,0,0.4042050251737237,3,0,0.8032078353104309,0.8646627860240373
0.933720126748085,0.0484706666320562,0.2986580739802819,0.643173612916891,2,0.3952548736706376,3,0,0.8479728157123405,1.0290082716632016
0.933720126748085,0.0484706666320562,0.2986580739802819,0.643173612916891,2,0.4042050251737237,3,0,0.8353667696087987,1.0304640197435733
0.933720126748085,0.0484706666320562,0.2986580739802819,0.643173612916891,2,0.4042050251737237,3,1,0.8606570170384837,1.009041741608113
0.4629282839596271,0.8859439454972744,0.618994206953481,0.6585851322763278,0,0.3952548736706376,3,1,0.8590814635287418,0.8634928274609195
0.6678508101031184,0.7104770001024008,1.015857998055756,1.4142135623730951,3,0.1583279548212885,2,0,1.1789555828961773,1.004086960532934
0.2415488315746188,0.7104770001024008,1.015857998055756,1.4142135623730951,3,0.1583279548212885,2,0,1.2188884467053696,1.012424125319462
0.6678508101031184,0.7401710031554103,1.015857998055756,1.4142135623730951,3,0.1583279548212885,2,0,1.2841569137557938,0.991782384841661
0.6678508101031184,0.7104770001024008,0.2731790976019078,1.010885933019837,3,0.1583279548212885,2,0,0.8193433810921229,0.9905041013522748
0.6678508101031184,0.7104770001024008,1.015857998055756,1.4142135623730951,3,0.1583279548212885,2,0,1.234228246479034,1.0140460213794686
0.6678508101031184,0.7104770001024008,1.015857998055756,1.4142135623730951,3,0.1583279548212885,2,0,1.2180515298617147,1.0104864068541992
0.6678508101031184,0.7104770001024008,1.015857998055756,1.4142135623730951,3,0.7277842257171869,2,0,1.2302140825176937,1.0187003489019064
0.6678508101031184,0.7104770001024008,1.015857998055756,1.4142135623730951,3,0.1583279548212885,3,0,1.1126367497621856,0.9969423400598592
0.6678508101031184,0.7104770001024008,1.015857998055756,1.4142135623730951,3,0.1583279548212885,2,0,1.1289203675151274,0.9938048851757827
0.2415488315746188,0.7401710031554103,0.2731790976019078,1.4142135623730951,3,0.7277842257171869,3,0,0.7523007118709006,1.0251075777089325
0.0806846879422664,0.2941551301628351,0.6449109850378509,1.4142135623730951,0,0.9575695497915148,2,1,0.8688475318446232,1.0366042266257736
0.5066150575876236,0.2941551301628351,0.6449109850378509,1.4142135623730951,0,0.9575695497915148,2,1,0.8554301746088486,1.024788428973325
0.0806846879422664,0.367442112416029,0.6449109850378509,1.4142135623730951,0,0.9575695497915148,2,1,0.8698694334459446,1.4140063539909469
0.0806846879422664,0.2941551301628351,1.218924074602291,1.4142135623730951,0,0.9575695497915148,2,1,1.097590288172915,1.10285175268666
0.0806846879422664,0.2941551301628351,0.6449109850378509,1.14145029348113,0,0.9575695497915148,2,1,0.8474899729374705,1.22548708366597
0.0806846879422664,0.2941551301628351,0.6449109850378509,1.4142135623730951,1,0.9575695497915148,2,1,0.8734974628876843,1.032222476273558
0.0806846879422664,0.2941551301628351,0.6449109850378509,1.4142135623730951,0,0.120276547037065,2,1,0.7995619069438551,0.7845507742212106
0.0806846879422664,0.2941551301628351,0.6449109850378509,1.4142135623730951,0,0.9575695497915148,1,1,0.8330836380550564,1.268405520235383
0.0806846879422664,0.2941551301628351,0.6449109850378509,1.4142135623730951,0,0.9575695497915148,2,1,0.8730066765902331,2.033411580944157
0.5066150575876236,0.367442112416029,1.218924074602291,1.4142135623730951,1,0.120276547037065,1,1,1.1089555433255076,0.9130916282559309
0.2316154185682535,0.5191344851627946,0.1221395676434446,1.4142135623730951,0,0.5475912215188146,2,0,0.4015089185629901,1.1042960245128879
0.0321863228455185,0.5191344851627946,0.1221395676434446,1.4142135623730951,0,0.5475912215188146,2,0,0.4122091159590307,1.0353525197799016
0.2316154185682535,0.8419540198519826,0.1221395676434446,1.4142135623730951,0,0.5475912215188146,2,0,0.41364502098388034,1.0388713121124258
0.2316154185682535,0.5191344851627946,0.0145723466296265,0.0285843482741226,0,0.5475912215188146,2,0,0.8579901463058012,0.9865206650581999
0.2316154185682535,0.5191344851627946,0.1221395676434446,1.2968742033565883,0,0.5475912215188146,2,0,0.39805729056931183,1.0301970675185563
0.2316154185682535,0.5191344851627946,0.1221395676434446,1.4142135623730951,3,0.5475912215188146,2,0,0.42346991628488456,0.997405323754534
0.2316154185682535,0.5191344851627946,0.1221395676434446,1.4142135623730951,0,0.3564081974327564,2,0,0.39128207791048863,1.0673578616306874
0.2316154185682535,0.5191344851627946,0.1221395676434446,1.4142135623730951,0,0.5475912215188146,1,0,0.39907895093234,1.0234881427036344
0.2316154185682535,0.5191344851627946,0.1221395676434446,1.4142135623730951,0,0.5475912215188146,2,1,0.4215512256145877,1.1278405506986267
0.0321863228455185,0.8419540198519826,0.0145723466296265,1.2968742033565883,3,0.3564081974327564,1,1,0.37131816065975587,1.017685789584967
0.5198460118845105,0.4776905374601483,1.1780950105303625,1.4142135623730951,3,0.3184448080137372,2,1,1.3034071070475466,1.013491546269581
0.7045134473592043,0.4776905374601483,1.1780950105303625,1.4142135623730951,3,0.3184448080137372,2,1,1.336289181007096,1.0121834240977052
0.5198460118845105,0.2065617460757494,1.1780950105303625,1.4142135623730951,3,0.3184448080137372,2,1,1.0699576044100618,1.0136465492764721
0.5198460118845105,0.4776905374601483,1.3228516175850755,1.4142135623730951,3,0.3184448080137372,2,1,1.1693814571153416,1.009112794702326
0.5198460118845105,0.4776905374601483,1.1780950105303625,1.4142135623730951,3,0.3184448080137372,2,1,1.2993813126427214,1.010695552915492
0.5198460118845105,0.4776905374601483,1.1780950105303625,1.4142135623730951,1,0.3184448080137372,2,1,1.177766638935783,0.9319366553857275
0.5198460118845105,0.4776905374601483,1.1780950105303625,1.4142135623730951,3,0.9986563855782152,2,1,1.174488443281357,1.0508846599169634
0.5198460118845105,0.4776905374601483,1.1780950105303625,1.4142135623730951,3,0.3184448080137372,2,1,1.2011182525231352,1.0137741679174672
0.5198460118845105,0.4776905374601483,1.1780950105303625,1.4142135623730951,3,0.3184448080137372,2,0,1.1653476389931186,1.013630605828868
0.7045134473592043,0.2065617460757494,1.3228516175850755,1.4142135623730951,1,0.9986563855782152,2,0,1.094596260322336,1.1357662490381788
0.7534893658012152,0.7646587835624814,0.467874583494868,1.4142135623730951,2,0.1189620560035109,1,1,0.8711099557722837,1.006417777532166
0.9963177116587758,0.7646587835624814,0.467874583494868,1.4142135623730951,2,0.1189620560035109,1,1,0.8784983294495196,0.9995384731665634
0.7534893658012152,0.4193093301728368,0.467874583494868,1.4142135623730951,2,0.1189620560035109,1,1,0.8337163561686373,1.037728000917275
0.7534893658012152,0.7646587835624814,0.9614301334566876,1.4142135623730951,2,0.1189620560035109,1,1,0.8729417229249297,1.0003927325744197
0.7534893658012152,0.7646587835624814,0.467874583494868,1.4142135623730951,2,0.1189620560035109,1,1,0.8455522886871014,1.019091795476453
0.7534893658012152,0.7646587835624814,0.467874583494868,1.4142135623730951,2,0.1189620560035109,1,1,0.8988836102280402,0.9959682921887476
0.7534893658012152,0.7646587835624814,0.467874583494868,1.4142135623730951,2,0.1283042822033167,1,1,0.8578363132511152,1.0032508821253283
0.7534893658012152,0.7646587835624814,0.467874583494868,1.4142135623730951,2,0.1189620560035109,3,1,0.8735779222307901,0.9863429207051881
0.7534893658012152,0.7646587835624814,0.467874583494868,1.4142135623730951,2,0.1189620560035109,1,1,0.8549817294690946,0.9668797138137648
0.9963177116587758,0.4193093301728368,0.9614301334566876,1.4142135623730951,2,0.1283042822033167,3,1,0.9345220723593297,0.969700700512914
0.4950433308258652,0.2399406218901276,0.8393408509547834,1.10339881341028,1,0.765123694203794,3,0,0.8563571642612188,0.9438367596757027
0.2633218672126531,0.2399406218901276,0.8393408509547834,1.10339881341028,1,0.765123694203794,3,0,0.8594102346394396,0.9964792825240812
0.4950433308258652,0.5321757961064577,0.8393408509547834,1.10339881341028,1,0.765123694203794,3,0,0.8614017223922243,0.9972719135252771
0.4950433308258652,0.2399406218901276,0.3748936425953762,1.10339881341028,1,0.765123694203794,3,0,0.8021270094905694,0.9956651248449497
0.4950433308258652,0.2399406218901276,0.8393408509547834,1.4142135623730951,1,0.765123694203794,3,0,0.873817055527326,0.9547606578706802
0.4950433308258652,0.2399406218901276,0.8393408509547834,1.10339881341028,0,0.765123694203794,3,0,0.8597855033557145,0.9112143006574678
0.4950433308258652,0.2399406218901276,0.8393408509547834,1.10339881341028,1,0.51664615329355,3,0,0.8594102346394422,0.9253826784569209
0.4950433308258652,0.2399406218901276,0.8393408509547834,1.10339881341028,1,0.765123694203794,2,0,0.8619731218113651,1.008409068088314
0.4950433308258652,0.2399406218901276,0.8393408509547834,1.10339881341028,1,0.765123694203794,3,0,0.860795676335651,0.9345048699489871
0.2633218672126531,0.5321757961064577,0.3748936425953762,0.7252459418486662,0,0.51664615329355,2,0,0.8571246369628793,0.9958259679342802
0.3822091976180672,0.6798138506710529,0.3936826905393756,0.7769087901100469,2,0.8769012484699488,2,0,0.8569931561137767,1.0253692077427452
0.0941595453768968,0.6798138506710529,0.3936826905393756,0.7769087901100469,2,0.8769012484699488,2,0,0.8472467638886696,1.0302864050066984
0.3822091976180672,0.2822039760649204,0.3936826905393756,0.7769087901100469,2,0.8769012484699488,2,0,0.845075267753509,1.0203580834682373
0.3822091976180672,0.6798138506710529,0.5284959525073037,0.7769087901100469,2,0.8769012484699488,2,0,0.8609427167480541,1.029418065416274
0.3822091976180672,0.6798138506710529,0.3936826905393756,1.0121620526648718,2,0.8769012484699488,2,0,0.8117546804881062,1.0472852784205648
0.3822091976180672,0.6798138506710529,0.3936826905393756,0.7769087901100469,1,0.8769012484699488,2,0,0.8609283596143434,1.0262784044609317
0.3822091976180672,0.6798138506710529,0.3936826905393756,0.7769087901100469,2,0.2342226821929216,2,0,0.8317509931988801,1.0128422779473334
0.3822091976180672,0.6798138506710529,0.3936826905393756,0.7769087901100469,2,0.8769012484699488,3,0,0.8583270408417314,1.037224364953299
0.3822091976180672,0.6798138506710529,0.3936826905393756,0.7769087901100469,2,0.8769012484699488,2,1,0.8618894423038147,1.0166115202056651
0.0941595453768968,0.2822039760649204,0.5284959525073037,1.0121620526648718,1,0.2342226821929216,3,1,0.8351396540089678,0.8847352915249033
0.8731681983917952,0.3150075599551201,0.7298454932811108,1.4142135623730951,1,0.2415762413293123,3,1,0.8730878837470369,0.8666062600614698
0.6425393605604768,0.3150075599551201,0.7298454932811108,1.4142135623730951,1,0.2415762413293123,3,1,0.8622386618361179,0.8564967101436493
0.8731681983917952,0.6692801965400577,0.7298454932811108,1.4142135623730951,1,0.2415762413293123,3,1,0.868715697648127,0.8617571578299458
0.8731681983917952,0.3150075599551201,0.9860495999337558,1.4142135623730951,1,0.2415762413293123,3,1,0.8597116571439266,0.8568350729678069
0.8731681983917952,0.3150075599551201,0.7298454932811108,1.4142135623730951,1,0.2415762413293123,3,1,0.8608288223152252,0.8921958034330421
0.8731681983917952,0.3150075599551201,0.7298454932811108,1.4142135623730951,3,0.2415762413293123,3,1,0.8879898512456679,1.0212468821538974
0.8731681983917952,0.3150075599551201,0.7298454932811108,1.4142135623730951,1,0.6227476736530662,3,1,0.8865754575353673,0.9019866606320334
0.8731681983917952,0.3150075599551201,0.7298454932811108,1.4142135623730951,1,0.2415762413293123,1,1,0.8606286368251566,0.910183142512771
0.8731681983917952,0.3150075599551201,0.7298454932811108,1.4142135623730951,1,0.2415762413293123,3,0,0.8765723671790884,0.8788568227936128
0.6425393605604768,0.6692801965400577,0.9860495999337558,1.4142135623730951,3,0.6227476736530662,1,0,0.9352207162924093,1.0672148891534454
0.6033934624865651,0.9108441546559334,0.0327667907861012,1.2075245071671608,0,0.4458945691585541,1,1,0.3291118943216707,1.111972942234587
0.9342216607183218,0.9108441546559334,0.0327667907861012,1.2075245071671608,0,0.4458945691585541,1,1,0.3562692568842186,1.0575656197902352
0.6033934624865651,0.956589836627245,0.0327667907861012,1.2075245071671608,0,0.4458945691585541,1,1,0.35359498102074827,1.1587471006742154
0.6033934624865651,0.9108441546559334,1.3424384263460452,1.4142135623730951,0,0.4458945691585541,1,1,1.5589487544235923,1.0509635182234536
0.6033934624865651,0.9108441546559334,0.0327667907861012,0.0804496502394144,0,0.4458945691585541,1,1,0.8481475646115707,0.9224148180396086
0.6033934624865651,0.9108441546559334,0.0327667907861012,1.2075245071671608,0,0.4458945691585541,1,1,0.3464895685897029,1.051218658742591
0.6033934624865651,0.9108441546559334,0.0327667907861012,1.2075245071671608,0,0.250291433185339,1,1,0.3506542763336534,1.142878129986574
0.6033934624865651,0.9108441546559334,0.0327667907861012,1.2075245071671608,0,0.4458945691585541,1,1,0.36106402089507283,1.0623173110683402
0.6033934624865651,0.9108441546559334,0.0327667907861012,1.2075245071671608,0,0.4458945691585541,1,1,0.3320408997386226,1.0760054063336641
0.9342216607183218,0.956589836627245,1.3424384263460452,1.4142135623730951,0,0.250291433185339,1,1,1.4340877546064077,0.9207967841226083
0.1412426996976137,0.0918125547468662,1.097612774191604,1.4142135623730951,3,0.6857498213648796,3,0,0.9737394393986464,1.0196404046519505
0.3254168154671788,0.0918125547468662,1.097612774191604,1.4142135623730951,3,0.6857498213648796,3,0,0.96426517228241,1.0098381825874403
0.1412426996976137,0.0919249756261706,1.097612774191604,1.4142135623730951,3,0.6857498213648796,3,0,0.971604939928569,1.0063851338017573
0.1412426996976137,0.0918125547468662,0.1703170783159499,0.4319854422185133,3,0.6857498213648796,3,0,0.8468636577309014,1.0183744682667422
0.1412426996976137,0.0918125547468662,1.097612774191604,1.230239776394329,3,0.6857498213648796,3,0,0.9579007950167894,1.020508626739869
0.1412426996976137,0.0918125547468662,1.097612774191604,1.4142135623730951,2,0.6857498213648796,3,0,0.9893406234441374,1.0103881347572088
0.1412426996976137,0.0918125547468662,1.097612774191604,1.4142135623730951,3,0.8927227118983865,3,0,0.9759621435671759,1.0200115859386782
0.1412426996976137,0.0918125547468662,1.097612774191604,1.4142135623730951,3,0.6857498213648796,3,0,0.9828955077874858,1.012088342271031
0.1412426996976137,0.0918125547468662,1.097612774191604,1.4142135623730951,3,0.6857498213648796,3,0,0.963331829058683,1.019775995336558
0.3254168154671788,0.0919249756261706,0.1703170783159499,1.230239776394329,2,0.8927227118983865,3,0,0.4063223770032559,1.0060448595130647
0.0459689386188983,0.8443789696320891,0.9063624823314016,1.4142135623730951,3,0.8379056435078382,1,1,0.8613670612053043,1.1657531357741941
0.8545283414423466,0.8443789696320891,0.9063624823314016,1.4142135623730951,3,0.8379056435078382,1,1,0.8585447252965214,1.1231751114202262
0.0459689386188983,0.6174701992422342,0.9063624823314016,1.4142135623730951,3,0.8379056435078382,1,1,0.8653944861861408,1.1485076038288398
0.0459689386188983,0.8443789696320891,1.0651909461409412,1.4142135623730951,3,0.8379056435078382,1,1,1.4047635365692552,1.0975794605508868
0.0459689386188983,0.8443789696320891,0.9063624823314016,1.3862468564075645,3,0.8379056435078382,1,1,0.8618894423038149,1.1534081024764664
0.0459689386188983,0.8443789696320891,0.9063624823314016,1.4142135623730951,0,0.8379056435078382,1,1,0.8554104387054584,1.1244480449855652
0.0459689386188983,0.8443789696320891,0.9063624823314016,1.4142135623730951,3,0.6308379787951708,1,1,0.8907123925493474,1.1090042355264758
0.0459689386188983,0.8443789696320891,0.9063624823314016,1.4142135623730951,3,0.8379056435078382,3,1,0.9293042223997876,1.000108293952672
0.0459689386188983,0.8443789696320891,0.9063624823314016,1.4142135623730951,3,0.8379056435078382,1,0,0.9393299987007896,1.1492398656286384
0.8545283414423466,0.6174701992422342,1.0651909461409412,1.3862468564075645,0,0.6308379787951708,3,0,1.0871337690192429,0.9299083838494936
0.7093980265781283,0.1504694474861025,0.5707189340316766,1.402546598208855,0,0.0436336155980825,3,0,0.7213338534620302,0.8720584895634412
0.4009702345356345,0.1504694474861025,0.5707189340316766,1.402546598208855,0,0.0436336155980825,3,0,0.7331820804876985,0.8505346363865823
0.7093980265781283,0.4901419626548886,0.5707189340316766,1.402546598208855,0,0.0436336155980825,3,0,0.8584988462141712,0.8602929719344428
0.7093980265781283,0.1504694474861025,0.2486904602109733,1.402546598208855,0,0.0436336155980825,3,0,0.4124459217879355,0.956069032100243
0.7093980265781283,0.1504694474861025,0.5707189340316766,1.4142135623730951,0,0.0436336155980825,3,0,0.7345327941733752,0.866470807108302
0.7093980265781283,0.1504694474861025,0.5707189340316766,1.402546598208855,2,0.0436336155980825,3,0,0.834601529380847,0.9908420570262849
0.7093980265781283,0.1504694474861025,0.5707189340316766,1.402546598208855,0,0.02302513923496,3,0,0.7154208605066597,0.8903935358372328
0.7093980265781283,0.1504694474861025,0.5707189340316766,1.402546598208855,0,0.0436336155980825,2,0,0.7316382744858981,0.9066363932338325
0.7093980265781283,0.1504694474861025,0.5707189340316766,1.402546598208855,0,0.0436336155980825,3,1,0.7201196935802199,0.804118707033629
0.4009702345356345,0.4901419626548886,0.2486904602109733,1.4142135623730951,2,0.02302513923496,2,1,0.7406583294542436,0.9840416504543933
0.9391340538859368,0.6212832136079669,1.2746476584480406,1.4142135623730951,1,0.2689556963741779,1,0,1.308479202229638,0.9789458637183885
0.1794690489768982,0.6212832136079669,1.2746476584480406,1.4142135623730951,1,0.2689556963741779,1,0,1.2881449533396194,0.9227741176385378
0.9391340538859368,0.1359721217304468,1.2746476584480406,1.4142135623730951,1,0.2689556963741779,1,0,1.024388021459888,0.9431659345603713
0.9391340538859368,0.6212832136079669,0.5992792770413943,1.4142135623730951,1,0.2689556963741779,1,0,0.8531727899623266,0.9332544109259245
0.9391340538859368,0.6212832136079669,1.2746476584480406,1.4142135623730951,1,0.2689556963741779,1,0,1.186088471655492,0.9739883348072708
0.9391340538859368,0.6212832136079669,1.2746476584480406,1.4142135623730951,1,0.2689556963741779,1,0,1.2027078915686358,0.8996740053692552
0.9391340538859368,0.6212832136079669,1.2746476584480406,1.4142135623730951,1,0.8539355359971523,1,0,1.248539068701674,1.0327376742360572
0.9391340538859368,0.6212832136079669,1.2746476584480406,1.4142135623730951,1,0.2689556963741779,1,0,1.3168424227839397,0.9701258520823914
0.9391340538859368,0.6212832136079669,1.2746476584480406,1.4142135623730951,1,0.2689556963741779,1,0,1.2829360680638535,0.943956196259341
0.1794690489768982,0.1359721217304468,0.5992792770413943,1.4142135623730951,1,0.8539355359971523,1,0,0.8155494018974926,1.0803313323783976
0.3054897701367736,0.3813548451289534,0.2092851179988322,0.9492296112637236,2,0.5993832759559155,2,1,0.7665589335267048,1.0370028609942188
0.5686958832666278,0.3813548451289534,0.2092851179988322,0.9492296112637236,2,0.5993832759559155,2,1,0.7962508711007394,1.0450510222213214
0.3054897701367736,0.7564148204401135,0.2092851179988322,0.9492296112637236,2,0.5993832759559155,2,1,0.8455708386131013,1.0460965000047893
0.3054897701367736,0.3813548451289534,0.7163928514391611,0.9492296112637236,2,0.5993832759559155,2,1,0.8592141613569217,0.9880685716826784
0.3054897701367736,0.3813548451289534,0.2092851179988322,0.8142481978582162,2,0.5993832759559155,2,1,0.8439624737611773,1.0067415863211913
0.3054897701367736,0.3813548451289534,0.2092851179988322,0.9492296112637236,3,0.5993832759559155,2,1,0.81347331196747,0.9981491247839732
0.3054897701367736,0.3813548451289534,0.2092851179988322,0.9492296112637236,2,0.492216364480555,2,1,0.7781863474479968,1.034625531950392
0.3054897701367736,0.3813548451289534,0.2092851179988322,0.9492296112637236,2,0.5993832759559155,2,1,0.7916498478966265,1.0134004038806692
0.3054897701367736,0.3813548451289534,0.2092851179988322,0.9492296112637236,2,0.5993832759559155,2,1,0.8296805586189909,1.019488790677529
0.5686958832666278,0.7564148204401135,0.7163928514391611,0.8142481978582162,3,0.492216364480555,2,1,0.8547469495645565,1.0217950447135569
0.2680064169690013,0.5723644280806184,0.7724405959164314,1.4142135623730951,0,0.0277281776070594,3,0,0.8703111507796947,0.7813626298810411
0.663270141929388,0.5723644280806184,0.7724405959164314,1.4142135623730951,0,0.0277281776070594,3,0,0.8721021113565597,0.796718585170967
0.2680064169690013,0.2469705361872911,0.7724405959164314,1.4142135623730951,0,0.0277281776070594,3,0,0.8419409265684901,0.7957685186099503
0.2680064169690013,0.5723644280806184,0.772914664985571,1.4142135623730951,0,0.0277281776070594,3,0,0.8652788871775152,0.8019546846434493
0.2680064169690013,0.5723644280806184,0.7724405959164314,1.2459839674145072,0,0.0277281776070594,3,0,0.8672447683904054,0.7714505267096234
0.2680064169690013,0.5723644280806184,0.7724405959164314,1.4142135623730951,0,0.0277281776070594,3,0,0.8615550628491977,0.7490307115109384
0.2680064169690013,0.5723644280806184,0.7724405959164314,1.4142135623730951,0,0.3356433184817433,3,0,0.8640376720340225,0.857720183625389
0.2680064169690013,0.5723644280806184,0.7724405959164314,1.4142135623730951,0,0.0277281776070594,1,0,0.8840040393700318,0.7993860836049909
0.2680064169690013,0.5723644280806184,0.7724405959164314,1.4142135623730951,0,0.0277281776070594,3,0,0.8575255955922679,0.7892371048264094
0.663270141929388,0.2469705361872911,0.772914664985571,1.2459839674145072,0,0.3356433184817433,1,0,0.85273849871096,0.8942648561852228
0.9795468263328077,0.4225222812965512,0.4008059939435636,1.1439478959675502,3,0.8542838543653488,1,1,0.8026461294052321,1.073093674191828
0.0846510445699095,0.4225222812965512,0.4008059939435636,1.1439478959675502,3,0.8542838543653488,1,1,0.780901044676526,1.1163329665698942
0.9795468263328077,0.8606263073161244,0.4008059939435636,1.1439478959675502,3,0.8542838543653488,1,1,0.8367863543532326,1.0607617632515502
0.9795468263328077,0.4225222812965512,0.5647894387944707,1.1439478959675502,3,0.8542838543653488,1,1,0.8320477852590046,1.09748810790268
0.9795468263328077,0.4225222812965512,0.4008059939435636,1.4142135623730951,3,0.8542838543653488,1,1,0.7987907446147491,1.1005604449642943
0.9795468263328077,0.4225222812965512,0.4008059939435636,1.1439478959675502,2,0.8542838543653488,1,1,0.8207249729592905,1.0703635364346729
0.9795468263328077,0.4225222812965512,0.4008059939435636,1.1439478959675502,3,0.94321970641613,1,1,0.8086068425978076,1.0697172446810987
0.9795468263328077,0.4225222812965512,0.4008059939435636,1.1439478959675502,3,0.8542838543653488,3,1,0.8394941303743609,1.0146538050212963
0.9795468263328077,0.4225222812965512,0.4008059939435636,1.1439478959675502,3,0.8542838543653488,1,1,0.827877875936922,1.0791101434151917
0.0846510445699095,0.8606263073161244,0.5647894387944707,1.4142135623730951,2,0.94321970641613,3,1,0.9060904810065988,1.014275862710338
0.7468811115249991,0.8345210151746869,1.1131071582064802,1.4142135623730951,2,0.5830620247870684,2,1,1.4627673290383458,1.0013975959982546
0.3710920736193657,0.8345210151746869,1.1131071582064802,1.4142135623730951,2,0.5830620247870684,2,1,1.5580352801342665,1.011162597011607
0.7468811115249991,0.5152111817151308,1.1131071582064802,1.4142135623730951,2,0.5830620247870684,2,1,1.1097306148048425,0.9972590389430249
0.7468811115249991,0.8345210151746869,0.21689843120052,1.4142135623730951,2,0.5830620247870684,2,1,0.7640589163107253,1.0140485481648467
0.7468811115249991,0.8345210151746869,1.1131071582064802,1.4142135623730951,2,0.5830620247870684,2,1,1.424023034559497,0.9981350449991611
0.7468811115249991,0.8345210151746869,1.1131071582064802,1.4142135623730951,1,0.5830620247870684,2,1,1.4394560022631802,1.0623621788393631
0.7468811115249991,0.8345210151746869,1.1131071582064802,1.4142135623730951,2,0.1798346964642405,2,1,1.4227380991987824,1.0248950982918632
0.7468811115249991,0.8345210151746869,1.1131071582064802,1.4142135623730951,2,0.5830620247870684,3,1,1.3021623841583707,1.000771491874576
0.7468811115249991,0.8345210151746869,1.1131071582064802,1.4142135623730951,2,0.5830620247870684,2,0,1.293165201790593,1.025575030672229
0.3710920736193657,0.5152111817151308,0.21689843120052,0.4869239962297214,1,0.1798346964642405,3,0,0.8608303229730838,0.9354525989537741
0.005555897951126,0.168201052583754,0.0559423536483908,0.8460071073482741,1,0.2848036829382181,2,0,0.34647566321057305,1.0666280779313202
0.8851357279345393,0.168201052583754,0.0559423536483908,0.8460071073482741,1,0.2848036829382181,2,0,0.649369711346481,1.0773145166125977
0.005555897951126,0.3771909596398473,0.0559423536483908,0.8460071073482741,1,0.2848036829382181,2,0,0.37172719758088857,0.9894246911284138
0.005555897951126,0.168201052583754,1.1191450788456585,1.4142135623730951,1,0.2848036829382181,2,0,0.9656850325124177,0.8603064242837494
0.005555897951126,0.168201052583754,0.0559423536483908,0.7514495937745146,1,0.2848036829382181,2,0,0.34035461276870027,1.0604424272457815
0.005555897951126,0.168201052583754,0.0559423536483908,0.8460071073482741,3,0.2848036829382181,2,0,0.32467409796450475,1.0034220733137316
0.005555897951126,0.168201052583754,0.0559423536483908,0.8460071073482741,1,0.5413172971457243,2,0,0.3499875723439985,1.01814007391837
0.005555897951126,0.168201052583754,0.0559423536483908,0.8460071073482741,1,0.2848036829382181,2,0,0.36036039579975676,1.0807426258657633
0.005555897951126,0.168201052583754,0.0559423536483908,0.8460071073482741,1,0.2848036829382181,2,1,0.3937964030820646,1.0757589084000378
0.8851357279345393,0.3771909596398473,1.1191450788456585,1.4142135623730951,3,0.5413172971457243,2,1,1.1245817005598606,1.0155566633647108
0.1816554721444845,0.8931735847145319,0.5773229882622104,1.0513871367571987,1,0.1949055157601833,3,1,0.8579901463058013,0.8532618755049185
0.4182832185178995,0.8931735847145319,0.5773229882622104,1.0513871367571987,1,0.1949055157601833,3,1,0.8575351975032626,0.9064949033492876
0.1816554721444845,0.9104837141931056,0.5773229882622104,1.0513871367571987,1,0.1949055157601833,3,1,0.8619731218113652,0.8908824995890483
0.1816554721444845,0.8931735847145319,0.1136667959069227,1.0513871367571987,1,0.1949055157601833,3,1,0.5453649686408464,0.9650380966805517
0.1816554721444845,0.8931735847145319,0.5773229882622104,0.9521471004113448,1,0.1949055157601833,3,1,0.860928359614344,0.858375062536614
0.1816554721444845,0.8931735847145319,0.5773229882622104,1.0513871367571987,1,0.1949055157601833,3,1,0.855652096372081,0.890274122392015
0.1816554721444845,0.8931735847145319,0.5773229882622104,1.0513871367571987,1,0.8101218910887837,3,1,0.8577987399636376,1.016767283131625
0.1816554721444845,0.8931735847145319,0.5773229882622104,1.0513871367571987,1,0.1949055157601833,2,1,0.8619731218113649,0.8891538798228198
0.1816554721444845,0.8931735847145319,0.5773229882622104,1.0513871367571987,1,0.1949055157601833,3,1,0.8561412233735789,0.9033459627318693
0.4182832185178995,0.9104837141931056,0.1136667959069227,0.9521471004113448,1,0.8101218910887837,2,1,0.6732540214425958,1.0627408133574956
0.5659101093187928,0.1017315443605184,0.9494768341403764,1.4142135623730951,2,0.9230686761438848,2,0,0.8583328260600742,1.0435357123237536
0.8416019240394235,0.1017315443605184,0.9494768341403764,1.4142135623730951,2,0.9230686761438848,2,0,0.8616916751601407,1.0433925905805654
0.5659101093187928,0.0409852592274546,0.9494768341403764,1.4142135623730951,2,0.9230686761438848,2,0,0.8522302699215479,1.0669667681785182
0.5659101093187928,0.1017315443605184,1.3770560485692975,1.4142135623730951,2,0.9230686761438848,2,0,1.0141946550828365,1.0675758045679478
0.5659101093187928,0.1017315443605184,0.9494768341403764,1.4142135623730951,2,0.9230686761438848,2,0,0.8633183061328716,1.0511221268085142
0.5659101093187928,0.1017315443605184,0.9494768341403764,1.4142135623730951,3,0.9230686761438848,2,0,0.8573215282495287,1.019069174314459
0.5659101093187928,0.1017315443605184,0.9494768341403764,1.4142135623730951,2,0.4218486100435257,2,0,0.8608062855207435,1.0000145790528823
0.5659101093187928,0.1017315443605184,0.9494768341403764,1.4142135623730951,2,0.9230686761438848,3,0,0.8611053901243918,1.0282153232706461
0.5659101093187928,0.1017315443605184,0.9494768341403764,1.4142135623730951,2,0.9230686761438848,2,0,0.8624266598283422,1.04998938476312
0.8416019240394235,0.0409852592274546,1.3770560485692975,1.4142135623730951,3,0.4218486100435257,3,0,0.9384375339740594,1.0124530126199014
0.8327551577240229,0.6387074496597052,0.2329772326364713,1.283813523254523,3,0.6396474745124578,3,0,0.713927995270466,1.0034393077470123
0.6099764388054609,0.6387074496597052,0.2329772326364713,1.283813523254523,3,0.6396474745124578,3,0,0.6964507271442733,1.0104795872539296
0.8327551577240229,0.3350965194404125,0.2329772326364713,1.283813523254523,3,0.6396474745124578,3,0,0.6235031034557121,1.0064962510514925
0.8327551577240229,0.6387074496597052,1.017711137032863,1.283813523254523,3,0.6396474745124578,3,0,1.1993281447522175,1.006357875339357
0.8327551577240229,0.6387074496597052,0.2329772326364713,1.4142135623730951,3,0.6396474745124578,3,0,0.7069923374897038,1.0122231705135427
0.8327551577240229,0.6387074496597052,0.2329772326364713,1.283813523254523,0,0.6396474745124578,3,0,0.6622487750509194,1.0367185075600842
0.8327551577240229,0.6387074496597052,0.2329772326364713,1.283813523254523,3,0.7050967244431376,3,0,0.7012152072989214,1.0081807724968814
0.8327551577240229,0.6387074496597052,0.2329772326364713,1.283813523254523,3,0.6396474745124578,2,0,0.6886383822562537,1.0206075256870726
0.8327551577240229,0.6387074496597052,0.2329772326364713,1.283813523254523,3,0.6396474745124578,3,1,0.7974895222535117,1.0084059395789469
0.6099764388054609,0.3350965194404125,1.017711137032863,1.4142135623730951,0,0.7050967244431376,2,1,1.0352256006854346,0.8970880083343041
0.419692282564938,0.3639873806387186,1.2896254906875673,1.4142135623730951,0,0.4925007056444883,1,1,1.1439488959174569,0.8569574691918964
0.1259885327890515,0.3639873806387186,1.2896254906875673,1.4142135623730951,0,0.4925007056444883,1,1,1.210667106105732,0.9402406013779623
0.419692282564938,0.7134336112067103,1.2896254906875673,1.4142135623730951,0,0.4925007056444883,1,1,1.370567440009817,0.9466989190799227
0.419692282564938,0.3639873806387186,0.4746729755267965,0.6892051575284583,0,0.4925007056444883,1,1,0.8464561337020697,0.8826577464223392
0.419692282564938,0.3639873806387186,1.2896254906875673,1.4142135623730951,0,0.4925007056444883,1,1,1.0916899836185145,0.8790740591098478
0.419692282564938,0.3639873806387186,1.2896254906875673,1.4142135623730951,2,0.4925007056444883,1,1,1.196472073120902,1.0720042663326566
0.419692282564938,0.3639873806387186,1.2896254906875673,1.4142135623730951,0,0.0629172753542661,1,1,1.034594016318106,0.7429311099851532
0.419692282564938,0.3639873806387186,1.2896254906875673,1.4142135623730951,0,0.4925007056444883,1,1,1.0808140623208113,0.8663493842551218
0.419692282564938,0.3639873806387186,1.2896254906875673,1.4142135623730951,0,0.4925007056444883,1,0,1.0796830662527082,0.869533785661892
0.1259885327890515,0.7134336112067103,0.4746729755267965,1.092803824044867,2,0.0629172753542661,1,0,0.8490030184748638,0.9848897903149514
0.4534250916913152,0.8058280115947127,0.3196743273528128,1.4142135623730951,3,0.366077090613544,3,1,0.8152647120445816,1.0019646840161436
0.4812479028478265,0.8058280115947127,0.3196743273528128,1.4142135623730951,3,0.366077090613544,3,1,0.8232352767275554,1.010691935005022
0.4534250916913152,0.4634054051712155,0.3196743273528128,1.4142135623730951,3,0.366077090613544,3,1,0.7902014177250376,1.0035115016689706
0.4534250916913152,0.8058280115947127,0.406619954132289,1.4142135623730951,3,0.366077090613544,3,1,0.8425879939208525,1.0128112277532806
0.4534250916913152,0.8058280115947127,0.3196743273528128,1.334835395658305,3,0.366077090613544,3,1,0.8227004181042308,1.0041278521535895
0.4534250916913152,0.8058280115947127,0.3196743273528128,1.4142135623730951,3,0.366077090613544,3,1,0.8084422826845364,1.0115851192307435
0.4534250916913152,0.8058280115947127,0.3196743273528128,1.4142135623730951,3,0.6862745387479663,3,1,0.802818066599427,1.0044572320224459
0.4534250916913152,0.8058280115947127,0.3196743273528128,1.4142135623730951,3,0.366077090613544,3,1,0.8238695057611142,1.0127830511751492
0.4534250916913152,0.8058280115947127,0.3196743273528128,1.4142135623730951,3,0.366077090613544,3,1,0.8152229244035207,1.0140365538731075
0.4812479028478265,0.4634054051712155,0.406619954132289,1.334835395658305,3,0.6862745387479663,3,1,0.8514321248411714,1.0109616044023404
0.790225001052022,0.191019813530147,1.3838322265778829,1.4142135623730951,0,0.5004321960732341,2,0,1.0413564759704526,0.869893616639478
0.7786361370235682,0.191019813530147,1.3838322265778829,1.4142135623730951,0,0.5004321960732341,2,0,1.0534329003409777,0.8372758947869505
0.790225001052022,0.5851256791502237,1.3838322265778829,1.4142135623730951,0,0.5004321960732341,2,0,1.2447428928514326,0.9059254253296429
0.790225001052022,0.191019813530147,0.9076717623265914,1.4142135623730951,0,0.5004321960732341,2,0,0.8583274082185928,0.9150942801305381
0.790225001052022,0.191019813530147,1.3838322265778829,1.4142135623730951,0,0.5004321960732341,2,0,1.0344700915865641,0.9082651484181145
0.790225001052022,0.191019813530147,1.3838322265778829,1.4142135623730951,1,0.5004321960732341,2,0,1.0615605269473167,0.9602475582109717
0.790225001052022,0.191019813530147,1.3838322265778829,1.4142135623730951,0,0.0437898989766836,2,0,0.9874202506563562,0.7753687369543758
0.790225001052022,0.191019813530147,1.3838322265778829,1.4142135623730951,0,0.5004321960732341,1,0,1.0144745021576522,0.9103268148922035
0.790225001052022,0.191019813530147,1.3838322265778829,1.4142135623730951,0,0.5004321960732341,2,0,1.029524806095358,0.8167376512734428
0.7786361370235682,0.5851256791502237,0.9076717623265914,1.4142135623730951,1,0.0437898989766836,1,0,0.8750967617803236,0.8727818806138893
0.5614644596353173,0.536864067427814,0.681984892665093,1.4142135623730951,1,0.8122180858626962,3,0,0.894353051138087,0.9699650690833846
0.5468884455040097,0.536864067427814,0.681984892665093,1.4142135623730951,1,0.8122180858626962,3,0,0.8729908023605369,0.975912242430444
0.5614644596353173,0.7909572022035718,0.681984892665093,1.4142135623730951,1,0.8122180858626962,3,0,0.9377362399239738,0.9853483246861445
0.5614644596353173,0.536864067427814,1.2661366555686522,1.4142135623730951,1,0.8122180858626962,3,0,1.1895179128579652,0.9914658012139996
0.5614644596353173,0.536864067427814,0.681984892665093,1.4142135623730951,1,0.8122180858626962,3,0,0.89300277425977,0.9780337705510754
0.5614644596353173,0.536864067427814,0.681984892665093,1.4142135623730951,2,0.8122180858626962,3,0,0.9637607030140378,1.0140539313055563
0.5614644596353173,0.536864067427814,0.681984892665093,1.4142135623730951,1,0.8292645113542676,3,0,0.8983099130153755,0.968161246863402
0.5614644596353173,0.536864067427814,0.681984892665093,1.4142135623730951,1,0.8122180858626962,1,0,0.8966953171530918,1.080666773423704
0.5614644596353173,0.536864067427814,0.681984892665093,1.4142135623730951,1,0.8122180858626962,3,1,0.9293045279034465,1.0067992573576159
0.5468884455040097,0.7909572022035718,1.2661366555686522,1.4142135623730951,2,0.8292645113542676,1,1,1.342516914812193,1.0484471618787623
0.1948799919337034,0.4678343748673796,1.01745403730568,1.3550969385854414,2,0.0713948691263794,1,1,1.1119984860838341,0.9588971945005431
0.1890756618231535,0.4678343748673796,1.01745403730568,1.3550969385854414,2,0.0713948691263794,1,1,1.0467116661432896,0.981512028897562
0.1948799919337034,0.1605127248913049,1.01745403730568,1.3550969385854414,2,0.0713948691263794,1,1,0.9717144308057948,1.037850951915139
0.1948799919337034,0.4678343748673796,0.0491251206580889,1.3550969385854414,2,0.0713948691263794,1,1,0.3256666613379924,0.9916967457104993
0.1948799919337034,0.4678343748673796,1.01745403730568,1.4142135623730951,2,0.0713948691263794,1,1,1.1583355941845228,1.0175535360908463
0.1948799919337034,0.4678343748673796,1.01745403730568,1.3550969385854414,0,0.0713948691263794,1,1,1.0380890486235506,0.7207489905764148
0.1948799919337034,0.4678343748673796,1.01745403730568,1.3550969385854414,2,0.4406860694289207,1,1,1.0874160797587713,1.0512233954627521
0.1948799919337034,0.4678343748673796,1.01745403730568,1.3550969385854414,2,0.0713948691263794,2,1,1.042029987501661,0.9986266705617837
0.1948799919337034,0.4678343748673796,1.01745403730568,1.3550969385854414,2,0.0713948691263794,1,0,1.0441716820178009,1.0089939652007633
0.1890756618231535,0.1605127248913049,0.0491251206580889,0.8406277970715295,0,0.4406860694289207,2,0,0.7074822790230737,1.2558657092424783
0.1174203231930732,0.7203941978514194,1.2073137149726896,1.4142135623730951,2,0.4191184183582663,3,0,1.2518023964069824,0.9952974239146406
0.7262512212619185,0.7203941978514194,1.2073137149726896,1.4142135623730951,2,0.4191184183582663,3,0,1.3119503511719433,0.9959419658787882
0.1174203231930732,0.6271628988906741,1.2073137149726896,1.4142135623730951,2,0.4191184183582663,3,0,1.186245312868173,0.9974211743882312
0.1174203231930732,0.7203941978514194,1.1870672816907442,1.4142135623730951,2,0.4191184183582663,3,0,1.3487985722026852,1.0071985230888827
0.1174203231930732,0.7203941978514194,1.2073137149726896,1.4142135623730951,2,0.4191184183582663,3,0,1.2751812728520242,0.9917035781113523
0.1174203231930732,0.7203941978514194,1.2073137149726896,1.4142135623730951,2,0.4191184183582663,3,0,1.2086018235129916,1.0025071085043955
0.1174203231930732,0.7203941978514194,1.2073137149726896,1.4142135623730951,2,0.2076290650293231,3,0,1.3375826830102115,0.9709333255411922
0.1174203231930732,0.7203941978514194,1.2073137149726896,1.4142135623730951,2,0.4191184183582663,2,0,1.2445694407143149,1.0060582780019205
0.1174203231930732,0.7203941978514194,1.2073137149726896,1.4142135623730951,2,0.4191184183582663,3,0,1.2947498113711902,0.9936775322493898
0.7262512212619185,0.6271628988906741,1.1870672816907442,1.4142135623730951,2,0.2076290650293231,2,0,1.2971651008618115,1.009250895800118
0.6262325709685683,0.2764865830540657,0.1426392692406261,0.3901018639968426,1,0.7143584107980132,1,1,0.861499759033484,1.0497348314858241
0.0216710083186626,0.2764865830540657,0.1426392692406261,0.3901018639968426,1,0.7143584107980132,1,1,0.8582188400100728,1.0280059922373734
0.6262325709685683,0.2652401961386204,0.1426392692406261,0.3901018639968426,1,0.7143584107980132,1,1,0.8531248410288943,1.028241674860185
0.6262325709685683,0.2764865830540657,0.3270686349929259,0.3901018639968426,1,0.7143584107980132,1,1,0.8452401062306056,1.1289296281731835
0.6262325709685683,0.2764865830540657,0.1426392692406261,0.5984473430328158,1,0.7143584107980132,1,1,0.8152519125391149,0.9835963414488572
0.6262325709685683,0.2764865830540657,0.1426392692406261,0.3901018639968426,0,0.7143584107980132,1,1,0.8449320618076711,1.00870646005274
0.6262325709685683,0.2764865830540657,0.1426392692406261,0.3901018639968426,1,0.5692947562783957,1,1,0.8566680946134206,1.0602613876121523
0.6262325709685683,0.2764865830540657,0.1426392692406261,0.3901018639968426,1,0.7143584107980132,1,1,0.8500063545361761,1.0519895330829532
0.6262325709685683,0.2764865830540657,0.1426392692406261,0.3901018639968426,1,0.7143584107980132,1,1,0.8568473474675208,1.0729263873016175
0.0216710083186626,0.2652401961386204,0.3270686349929259,0.5984473430328158,0,0.5692947562783957,1,1,0.8276480547192858,1.0304115755492789
0.8969847001135349,0.9972927495837212,0.840417641031053,1.4142135623730951,0,0.9729292439296842,2,1,0.8579733258773806,1.030973013371491
0.3079896001145243,0.9972927495837212,0.840417641031053,1.4142135623730951,0,0.9729292439296842,2,1,0.8572394940325614,1.236775112603687
0.8969847001135349,0.1105980975553393,0.840417641031053,1.4142135623730951,0,0.9729292439296842,2,1,0.8553625317382937,60.16336739696801
0.8969847001135349,0.9972927495837212,0.675580710643999,0.7294975684124754,0,0.9729292439296842,2,1,0.8591329451440836,1.0351898835424889
0.8969847001135349,0.9972927495837212,0.840417641031053,1.4142135623730951,0,0.9729292439296842,2,1,0.8535313447276459,0.9663017788366802
0.8969847001135349,0.9972927495837212,0.840417641031053,1.4142135623730951,3,0.9729292439296842,2,1,0.8582674358011619,1.0210040436232048
0.8969847001135349,0.9972927495837212,0.840417641031053,1.4142135623730951,0,0.3076505856588483,2,1,0.856830527039099,0.8492525432813219
0.8969847001135349,0.9972927495837212,0.840417641031053,1.4142135623730951,0,0.9729292439296842,2,1,0.8586571190714917,1.1136790491266353
0.8969847001135349,0.9972927495837212,0.840417641031053,1.4142135623730951,0,0.9729292439296842,2,0,0.9600302592237903,2.951393351792662
0.3079896001145243,0.1105980975553393,0.675580710643999,1.4142135623730951,3,0.3076505856588483,2,0,0.8263280353522147,1.0235028930832761
0.3593644602224231,0.0073624737560749,0.5054677402957642,1.4142135623730951,3,0.143471566028893,1,0,0.46812184507180643,0.9985147731318108
0.9482390061020852,0.0073624737560749,0.5054677402957642,1.4142135623730951,3,0.143471566028893,1,0,0.46780366728962913,1.0297400174443458
0.3593644602224231,0.9969996996223928,0.5054677402957642,1.4142135623730951,3,0.143471566028893,1,0,0.8987041803181354,1.0304535630456564
0.3593644602224231,0.0073624737560749,0.837584471922234,1.4142135623730951,3,0.143471566028893,1,0,0.6171508440107609,1.0016003138456573
0.3593644602224231,0.0073624737560749,0.5054677402957642,1.182109158042059,3,0.143471566028893,1,0,0.4703619041933662,0.9873359507654037
0.3593644602224231,0.0073624737560749,0.5054677402957642,1.4142135623730951,1,0.143471566028893,1,0,0.45004535413010344,0.9992811097100849
0.3593644602224231,0.0073624737560749,0.5054677402957642,1.4142135623730951,3,0.9154100939631462,1,0,0.4595223786685826,1.042729227650197
0.3593644602224231,0.0073624737560749,0.5054677402957642,1.4142135623730951,3,0.143471566028893,3,0,0.45114084533709453,1.0013676483022116
0.3593644602224231,0.0073624737560749,0.5054677402957642,1.4142135623730951,3,0.143471566028893,1,1,0.5365269527163489,1.017066516835258
0.9482390061020852,0.9969996996223928,0.837584471922234,1.182109158042059,1,0.9154100939631462,3,1,0.8509600473415128,1.099498489263655
