lambd,mu,d1,d2,network_type,grid_preference,grid_radius,both_affected
0.3734912136569619,0.7010708237066865,0.02039300289890911,0.6848677331519711,1,0.09047709312289953,2,0
0.06700009759515524,0.7010708237066865,0.02039300289890911,0.6848677331519711,1,0.09047709312289953,2,0
0.3734912136569619,0.053761412389576435,0.02039300289890911,0.6848677331519711,1,0.09047709312289953,2,0
0.3734912136569619,0.7010708237066865,1.294724732521779,1.4142135623730951,1,0.09047709312289953,2,0
0.3734912136569619,0.7010708237066865,0.02039300289890911,0.2512672869187931,1,0.09047709312289953,2,0
0.3734912136569619,0.7010708237066865,0.02039300289890911,0.6848677331519711,3,0.09047709312289953,2,0
0.3734912136569619,0.7010708237066865,0.02039300289890911,0.6848677331519711,1,0.18812383245676756,2,0
0.3734912136569619,0.7010708237066865,0.02039300289890911,0.6848677331519711,1,0.09047709312289953,2,0
0.3734912136569619,0.7010708237066865,0.02039300289890911,0.6848677331519711,1,0.09047709312289953,2,0
0.06700009759515524,0.053761412389576435,1.294724732521779,1.4142135623730951,3,0.18812383245676756,2,0
0.8818757515400648,0.30403820145875216,1.0658200787341086,1.3223323736797774,2,0.7910600220784545,1,1
0.6767774634063244,0.30403820145875216,1.0658200787341086,1.3223323736797774,2,0.7910600220784545,1,1
0.8818757515400648,0.9322544131428003,1.0658200787341086,1.3223323736797774,2,0.7910600220784545,1,1
0.8818757515400648,0.30403820145875216,0.041685481448224454,1.3223323736797774,2,0.7910600220784545,1,1
0.8818757515400648,0.30403820145875216,1.0658200787341086,1.399573506831336,2,0.7910600220784545,1,1
0.8818757515400648,0.30403820145875216,1.0658200787341086,1.3223323736797774,1,0.7910600220784545,1,1
0.8818757515400648,0.30403820145875216,1.0658200787341086,1.3223323736797774,2,0.5808488484472036,1,1
0.8818757515400648,0.30403820145875216,1.0658200787341086,1.3223323736797774,2,0.7910600220784545,1,1
0.8818757515400648,0.30403820145875216,1.0658200787341086,1.3223323736797774,2,0.7910600220784545,1,1
0.6767774634063244,0.9322544131428003,0.041685481448224454,1.399573506831336,1,0.5808488484472036,1,1
0.6413969369605184,0.9545318083837628,0.35970000268640556,1.4142135623730951,3,0.5212896810844541,3,1
0.8987595168873668,0.9545318083837628,0.35970000268640556,1.4142135623730951,3,0.5212896810844541,3,1
0.6413969369605184,0.6918769823387265,0.35970000268640556,1.4142135623730951,3,0.5212896810844541,3,1
0.6413969369605184,0.9545318083837628,0.39196638394013694,1.4142135623730951,3,0.5212896810844541,3,1
0.6413969369605184,0.9545318083837628,0.35970000268640556,0.8221541129215129,3,0.5212896810844541,3,1
0.6413969369605184,0.9545318083837628,0.35970000268640556,1.4142135623730951,2,0.5212896810844541,3,1
0.6413969369605184,0.9545318083837628,0.35970000268640556,1.4142135623730951,3,0.2961120503023267,3,1
0.6413969369605184,0.9545318083837628,0.35970000268640556,1.4142135623730951,3,0.5212896810844541,2,1
0.6413969369605184,0.9545318083837628,0.35970000268640556,1.4142135623730951,3,0.5212896810844541,3,0
0.8987595168873668,0.6918769823387265,0.39196638394013694,0.8221541129215129,2,0.2961120503023267,2,0
0.10322688706219196,0.04272654000669718,0.7195968759363836,1.0242620915026295,0,0.3470509620383382,1,0
0.35331297665834427,0.04272654000669718,0.7195968759363836,1.0242620915026295,0,0.3470509620383382,1,0
0.10322688706219196,0.32210820354521275,0.7195968759363836,1.0242620915026295,0,0.3470509620383382,1,0
0.10322688706219196,0.04272654000669718,0.9453707314248523,1.0242620915026295,0,0.3470509620383382,1,0
0.10322688706219196,0.04272654000669718,0.7195968759363836,1.4142135623730951,0,0.3470509620383382,1,0
0.10322688706219196,0.04272654000669718,0.7195968759363836,1.0242620915026295,0,0.3470509620383382,1,0
0.10322688706219196,0.04272654000669718,0.7195968759363836,1.0242620915026295,0,0.9349307641386986,1,0
0.10322688706219196,0.04272654000669718,0.7195968759363836,1.0242620915026295,0,0.3470509620383382,3,0
0.10322688706219196,0.04272654000669718,0.7195968759363836,1.0242620915026295,0,0.3470509620383382,1,1
0.35331297665834427,0.32210820354521275,0.9453707314248523,1.4142135623730951,0,0.9349307641386986,3,1
0.20901431515812874,0.7708758804947138,1.2423370625160433,1.4142135623730951,0,0.13216995727270842,3,1
0.828100354410708,0.7708758804947138,1.2423370625160433,1.4142135623730951,0,0.13216995727270842,3,1
0.20901431515812874,0.8591202003881335,1.2423370625160433,1.4142135623730951,0,0.13216995727270842,3,1
0.20901431515812874,0.7708758804947138,0.6471209286977394,0.8735205726903639,0,0.13216995727270842,3,1
0.20901431515812874,0.7708758804947138,1.2423370625160433,1.4142135623730951,0,0.13216995727270842,3,1
0.20901431515812874,0.7708758804947138,1.2423370625160433,1.4142135623730951,2,0.13216995727270842,3,1
0.20901431515812874,0.7708758804947138,1.2423370625160433,1.4142135623730951,0,0.6665115160867572,3,1
0.20901431515812874,0.7708758804947138,1.2423370625160433,1.4142135623730951,0,0.13216995727270842,3,1
0.20901431515812874,0.7708758804947138,1.2423370625160433,1.4142135623730951,0,0.13216995727270842,3,1
0.828100354410708,0.8591202003881335,0.6471209286977394,1.4142135623730951,2,0.6665115160867572,3,1
0.5463630808517337,0.23419267497956753,0.197429230586142,1.4142135623730951,3,0.9863058654591441,1,0
0.4359397981315851,0.23419267497956753,0.197429230586142,1.4142135623730951,3,0.9863058654591441,1,0
0.5463630808517337,0.22076763585209846,0.197429230586142,1.4142135623730951,3,0.9863058654591441,1,0
0.5463630808517337,0.23419267497956753,0.8448961533000194,1.4142135623730951,3,0.9863058654591441,1,0
0.5463630808517337,0.23419267497956753,0.197429230586142,0.9753552006406848,3,0.9863058654591441,1,0
0.5463630808517337,0.23419267497956753,0.197429230586142,1.4142135623730951,0,0.9863058654591441,1,0
0.5463630808517337,0.23419267497956753,0.197429230586142,1.4142135623730951,3,0.055574363097548485,1,0
0.5463630808517337,0.23419267497956753,0.197429230586142,1.4142135623730951,3,0.9863058654591441,2,0
0.5463630808517337,0.23419267497956753,0.197429230586142,1.4142135623730951,3,0.9863058654591441,1,0
0.4359397981315851,0.22076763585209846,0.8448961533000194,0.9753552006406848,0,0.055574363097548485,2,0
0.8053969368338585,0.5097244884818792,0.8966317654611762,1.105731148884066,2,0.7014064649119973,2,0
0.14376181829720736,0.5097244884818792,0.8966317654611762,1.105731148884066,2,0.7014064649119973,2,0
0.8053969368338585,0.40311970841139555,0.8966317654611762,1.105731148884066,2,0.7014064649119973,2,0
0.8053969368338585,0.5097244884818792,1.201851169938492,1.4142135623730951,2,0.7014064649119973,2,0
0.8053969368338585,0.5097244884818792,0.8966317654611762,1.1988550558449738,2,0.7014064649119973,2,0
0.8053969368338585,0.5097244884818792,0.8966317654611762,1.105731148884066,3,0.7014064649119973,2,0
0.8053969368338585,0.5097244884818792,0.8966317654611762,1.105731148884066,2,0.8174649672582746,2,0
0.8053969368338585,0.5097244884818792,0.8966317654611762,1.105731148884066,2,0.7014064649119973,1,0
0.8053969368338585,0.5097244884818792,0.8966317654611762,1.105731148884066,2,0.7014064649119973,2,1
0.14376181829720736,0.40311970841139555,1.201851169938492,1.4142135623730951,3,0.8174649672582746,1,1
0.43923922535032034,0.4875698033720255,0.5362183457042048,1.4142135623730951,1,0.43024007324129343,2,1
0.5963469576090574,0.4875698033720255,0.5362183457042048,1.4142135623730951,1,0.43024007324129343,2,1
0.43923922535032034,0.5169933475553989,0.5362183457042048,1.4142135623730951,1,0.43024007324129343,2,1
0.43923922535032034,0.4875698033720255,0.2892383363147051,0.5113384907286801,1,0.43024007324129343,2,1
0.43923922535032034,0.4875698033720255,0.5362183457042048,1.4142135623730951,1,0.43024007324129343,2,1
0.43923922535032034,0.4875698033720255,0.5362183457042048,1.4142135623730951,1,0.43024007324129343,2,1
0.43923922535032034,0.4875698033720255,0.5362183457042048,1.4142135623730951,1,0.46043413132429123,2,1
0.43923922535032034,0.4875698033720255,0.5362183457042048,1.4142135623730951,1,0.43024007324129343,3,1
0.43923922535032034,0.4875698033720255,0.5362183457042048,1.4142135623730951,1,0.43024007324129343,2,0
0.5963469576090574,0.5169933475553989,0.2892383363147051,1.4142135623730951,1,0.46043413132429123,3,0
0.43387830164283514,0.9363655811175704,0.9818669229799324,1.4142135623730951,2,0.3028494380414486,3,1
0.7650438193231821,0.9363655811175704,0.9818669229799324,1.4142135623730951,2,0.3028494380414486,3,1
0.43387830164283514,0.2670214343816042,0.9818669229799324,1.4142135623730951,2,0.3028494380414486,3,1
0.43387830164283514,0.9363655811175704,0.22193047383604822,1.4142135623730951,2,0.3028494380414486,3,1
0.43387830164283514,0.9363655811175704,0.9818669229799324,1.4142135623730951,2,0.3028494380414486,3,1
0.43387830164283514,0.9363655811175704,0.9818669229799324,1.4142135623730951,0,0.3028494380414486,3,1
0.43387830164283514,0.9363655811175704,0.9818669229799324,1.4142135623730951,2,0.7907091649249196,3,1
0.43387830164283514,0.9363655811175704,0.9818669229799324,1.4142135623730951,2,0.3028494380414486,2,1
0.43387830164283514,0.9363655811175704,0.9818669229799324,1.4142135623730951,2,0.3028494380414486,3,1
0.7650438193231821,0.2670214343816042,0.22193047383604822,0.33884515330442505,0,0.7907091649249196,2,1
0.8175831288099289,0.06679854821413755,0.6346600496164556,0.7248580512309303,1,0.5631849206984043,1,0
0.4989974359050393,0.06679854821413755,0.6346600496164556,0.7248580512309303,1,0.5631849206984043,1,0
0.8175831288099289,0.6530906679108739,0.6346600496164556,0.7248580512309303,1,0.5631849206984043,1,0
0.8175831288099289,0.06679854821413755,1.0936547952580824,1.4142135623730951,1,0.5631849206984043,1,0
0.8175831288099289,0.06679854821413755,0.6346600496164556,1.3117567731817683,1,0.5631849206984043,1,0
0.8175831288099289,0.06679854821413755,0.6346600496164556,0.7248580512309303,2,0.5631849206984043,1,0
0.8175831288099289,0.06679854821413755,0.6346600496164556,0.7248580512309303,1,0.4333731383085251,1,0
0.8175831288099289,0.06679854821413755,0.6346600496164556,0.7248580512309303,1,0.5631849206984043,3,0
0.8175831288099289,0.06679854821413755,0.6346600496164556,0.7248580512309303,1,0.5631849206984043,1,0
0.4989974359050393,0.6530906679108739,1.0936547952580824,1.3117567731817683,2,0.4333731383085251,3,0
0.5810116408392787,0.6584618939086795,1.3427747884902095,1.4142135623730951,0,0.874469181522727,3,0
0.20669704489409924,0.6584618939086795,1.3427747884902095,1.4142135623730951,0,0.874469181522727,3,0
0.5810116408392787,0.9707958120852709,1.3427747884902095,1.4142135623730951,0,0.874469181522727,3,0
0.5810116408392787,0.6584618939086795,0.7321094731520572,1.4142135623730951,0,0.874469181522727,3,0
0.5810116408392787,0.6584618939086795,1.3427747884902095,1.4142135623730951,0,0.874469181522727,3,0
0.5810116408392787,0.6584618939086795,1.3427747884902095,1.4142135623730951,1,0.874469181522727,3,0
0.5810116408392787,0.6584618939086795,1.3427747884902095,1.4142135623730951,0,0.6935877529904246,3,0
0.5810116408392787,0.6584618939086795,1.3427747884902095,1.4142135623730951,0,0.874469181522727,2,0
0.5810116408392787,0.6584618939086795,1.3427747884902095,1.4142135623730951,0,0.874469181522727,3,1
0.20669704489409924,0.9707958120852709,0.7321094731520572,0.7347060482925823,1,0.6935877529904246,2,1
0.16752105578780174,0.33686681743711233,0.26687916054224947,1.1767123976529417,3,0.009618712589144707,2,1
0.5334125952795148,0.33686681743711233,0.26687916054224947,1.1767123976529417,3,0.009618712589144707,2,1
0.16752105578780174,0.1090910704806447,0.26687916054224947,1.1767123976529417,3,0.009618712589144707,2,1
0.16752105578780174,0.33686681743711233,0.5818583605810851,1.1767123976529417,3,0.009618712589144707,2,1
0.16752105578780174,0.33686681743711233,0.26687916054224947,0.46879972789310637,3,0.009618712589144707,2,1
0.16752105578780174,0.33686681743711233,0.26687916054224947,1.1767123976529417,3,0.009618712589144707,2,1
0.16752105578780174,0.33686681743711233,0.26687916054224947,1.1767123976529417,3,0.08234543912112713,2,1
0.16752105578780174,0.33686681743711233,0.26687916054224947,1.1767123976529417,3,0.009618712589144707,1,1
0.16752105578780174,0.33686681743711233,0.26687916054224947,1.1767123976529417,3,0.009618712589144707,2,0
0.5334125952795148,0.1090910704806447,0.5818583605810851,1.4142135623730951,3,0.08234543912112713,1,0
0.019749486818909645,0.5999274291098118,0.45814154854797445,1.3394520363207318,3,0.482359416782856,2,0
0.003927286714315414,0.5999274291098118,0.45814154854797445,1.3394520363207318,3,0.482359416782856,2,0
0.019749486818909645,0.5721363835036755,0.45814154854797445,1.3394520363207318,3,0.482359416782856,2,0
0.019749486818909645,0.5999274291098118,1.0128094124529308,1.3394520363207318,3,0.482359416782856,2,0
0.019749486818909645,0.5999274291098118,0.45814154854797445,0.6215043494444223,3,0.482359416782856,2,0
0.019749486818909645,0.5999274291098118,0.45814154854797445,1.3394520363207318,1,0.482359416782856,2,0
0.019749486818909645,0.5999274291098118,0.45814154854797445,1.3394520363207318,3,0.3159708948805928,2,0
0.019749486818909645,0.5999274291098118,0.45814154854797445,1.3394520363207318,3,0.482359416782856,1,0
0.019749486818909645,0.5999274291098118,0.45814154854797445,1.3394520363207318,3,0.482359416782856,2,0
0.003927286714315414,0.5721363835036755,1.0128094124529308,1.4142135623730951,1,0.3159708948805928,1,0
0.7317166524007916,0.4032102897763252,0.8048318754044579,1.4142135623730951,0,0.6516190320253372,1,1
0.7398492312058806,0.4032102897763252,0.8048318754044579,1.4142135623730951,0,0.6516190320253372,1,1
0.7317166524007916,0.4418478487059474,0.8048318754044579,1.4142135623730951,0,0.6516190320253372,1,1
0.7317166524007916,0.4032102897763252,0.5000319295344127,0.5679684254294997,0,0.6516190320253372,1,1
0.7317166524007916,0.4032102897763252,0.8048318754044579,0.8874113362909404,0,0.6516190320253372,1,1
0.7317166524007916,0.4032102897763252,0.8048318754044579,1.4142135623730951,3,0.6516190320253372,1,1
0.7317166524007916,0.4032102897763252,0.8048318754044579,1.4142135623730951,0,0.9549726992845535,1,1
0.7317166524007916,0.4032102897763252,0.8048318754044579,1.4142135623730951,0,0.6516190320253372,2,1
0.7317166524007916,0.4032102897763252,0.8048318754044579,1.4142135623730951,0,0.6516190320253372,1,1
0.7398492312058806,0.4418478487059474,0.5000319295344127,0.8874113362909404,3,0.9549726992845535,2,1
0.9946559276431799,0.8698965832591057,0.08984275373091041,0.9073642378464316,1,0.9106647986918688,3,1
0.9617091044783592,0.8698965832591057,0.08984275373091041,0.9073642378464316,1,0.9106647986918688,3,1
0.9946559276431799,0.18228250369429588,0.08984275373091041,0.9073642378464316,1,0.9106647986918688,3,1
0.9946559276431799,0.8698965832591057,0.15460028274730372,0.9073642378464316,1,0.9106647986918688,3,1
0.9946559276431799,0.8698965832591057,0.08984275373091041,1.111275161142257,1,0.9106647986918688,3,1
0.9946559276431799,0.8698965832591057,0.08984275373091041,0.9073642378464316,0,0.9106647986918688,3,1
0.9946559276431799,0.8698965832591057,0.08984275373091041,0.9073642378464316,1,0.16806662362068892,3,1
0.9946559276431799,0.8698965832591057,0.08984275373091041,0.9073642378464316,1,0.9106647986918688,3,1
0.9946559276431799,0.8698965832591057,0.08984275373091041,0.9073642378464316,1,0.9106647986918688,3,0
0.9617091044783592,0.18228250369429588,0.15460028274730372,1.111275161142257,0,0.16806662362068892,3,0
0.253879570402205,0.12545161321759224,1.1662576255841686,1.4142135623730951,2,0.20523437298834324,1,0
0.29036258440464735,0.12545161321759224,1.1662576255841686,1.4142135623730951,2,0.20523437298834324,1,0
0.253879570402205,0.8037323681637645,1.1662576255841686,1.4142135623730951,2,0.20523437298834324,1,0
0.253879570402205,0.12545161321759224,1.359859168950604,1.4142135623730951,2,0.20523437298834324,1,0
0.253879570402205,0.12545161321759224,1.1662576255841686,1.4142135623730951,2,0.20523437298834324,1,0
0.253879570402205,0.12545161321759224,1.1662576255841686,1.4142135623730951,2,0.20523437298834324,1,0
0.253879570402205,0.12545161321759224,1.1662576255841686,1.4142135623730951,2,0.5609747599810362,1,0
0.253879570402205,0.12545161321759224,1.1662576255841686,1.4142135623730951,2,0.20523437298834324,1,0
0.253879570402205,0.12545161321759224,1.1662576255841686,1.4142135623730951,2,0.20523437298834324,1,1
0.29036258440464735,0.8037323681637645,1.359859168950604,1.4142135623730951,2,0.5609747599810362,1,1
0.2903863312676549,0.8251281920820475,0.6914974153005775,1.063585206530415,0,0.6675130408257246,2,1
0.4455440081655979,0.8251281920820475,0.6914974153005775,1.063585206530415,0,0.6675130408257246,2,1
0.2903863312676549,0.20062967017292976,0.6914974153005775,1.063585206530415,0,0.6675130408257246,2,1
0.2903863312676549,0.8251281920820475,1.3945091230750206,1.4142135623730951,0,0.6675130408257246,2,1
0.2903863312676549,0.8251281920820475,0.6914974153005775,1.4142135623730951,0,0.6675130408257246,2,1
0.2903863312676549,0.8251281920820475,0.6914974153005775,1.063585206530415,1,0.6675130408257246,2,1
0.2903863312676549,0.8251281920820475,0.6914974153005775,1.063585206530415,0,0.6423544008284807,2,1
0.2903863312676549,0.8251281920820475,0.6914974153005775,1.063585206530415,0,0.6675130408257246,3,1
0.2903863312676549,0.8251281920820475,0.6914974153005775,1.063585206530415,0,0.6675130408257246,2,0
0.4455440081655979,0.20062967017292976,1.3945091230750206,1.4142135623730951,1,0.6423544008284807,3,0
0.9532665628939867,0.1780936624854803,1.0520877675275977,1.4142135623730951,3,0.4659621175378561,2,0
0.8062829216942191,0.1780936624854803,1.0520877675275977,1.4142135623730951,3,0.4659621175378561,2,0
0.9532665628939867,0.8133392436429858,1.0520877675275977,1.4142135623730951,3,0.4659621175378561,2,0
0.9532665628939867,0.1780936624854803,0.09796075305300286,0.4647458872697357,3,0.4659621175378561,2,0
0.9532665628939867,0.1780936624854803,1.0520877675275977,1.4142135623730951,3,0.4659621175378561,2,0
0.9532665628939867,0.1780936624854803,1.0520877675275977,1.4142135623730951,3,0.4659621175378561,2,0
0.9532665628939867,0.1780936624854803,1.0520877675275977,1.4142135623730951,3,0.0035890480503439903,2,0
0.9532665628939867,0.1780936624854803,1.0520877675275977,1.4142135623730951,3,0.4659621175378561,2,0
0.9532665628939867,0.1780936624854803,1.0520877675275977,1.4142135623730951,3,0.4659621175378561,2,1
0.8062829216942191,0.8133392436429858,0.09796075305300286,1.0371947979675478,3,0.0035890480503439903,2,1
0.6952101001515985,0.5785948690026999,0.35082272393712227,0.8324583101056249,2,0.221567053347826,1,0
0.5204599797725677,0.5785948690026999,0.35082272393712227,0.8324583101056249,2,0.221567053347826,1,0
0.6952101001515985,0.5605754889547825,0.35082272393712227,0.8324583101056249,2,0.221567053347826,1,0
0.6952101001515985,0.5785948690026999,0.4461765468957566,0.8324583101056249,2,0.221567053347826,1,0
0.6952101001515985,0.5785948690026999,0.35082272393712227,1.1617020425343438,2,0.221567053347826,1,0
0.6952101001515985,0.5785948690026999,0.35082272393712227,0.8324583101056249,0,0.221567053347826,1,0
0.6952101001515985,0.5785948690026999,0.35082272393712227,0.8324583101056249,2,0.8733565472066402,1,0
0.6952101001515985,0.5785948690026999,0.35082272393712227,0.8324583101056249,2,0.221567053347826,1,0
0.6952101001515985,0.5785948690026999,0.35082272393712227,0.8324583101056249,2,0.221567053347826,1,0
0.5204599797725677,0.5605754889547825,0.4461765468957566,1.1617020425343438,0,0.8733565472066402,1,0
0.06113906018435955,0.416791507974267,1.3969380630768606,1.4142135623730951,1,0.8948359005153179,3,1
0.2240523798391223,0.416791507974267,1.3969380630768606,1.4142135623730951,1,0.8948359005153179,3,1
0.06113906018435955,0.4254545820876956,1.3969380630768606,1.4142135623730951,1,0.8948359005153179,3,1
0.06113906018435955,0.416791507974267,1.0444601230803272,1.4142135623730951,1,0.8948359005153179,3,1
0.06113906018435955,0.416791507974267,1.3969380630768606,1.4142135623730951,1,0.8948359005153179,3,1
0.06113906018435955,0.416791507974267,1.3969380630768606,1.4142135623730951,2,0.8948359005153179,3,1
0.06113906018435955,0.416791507974267,1.3969380630768606,1.4142135623730951,1,0.4806849816814065,3,1
0.06113906018435955,0.416791507974267,1.3969380630768606,1.4142135623730951,1,0.8948359005153179,2,1
0.06113906018435955,0.416791507974267,1.3969380630768606,1.4142135623730951,1,0.8948359005153179,3,1
0.2240523798391223,0.4254545820876956,1.0444601230803272,1.4142135623730951,2,0.4806849816814065,2,1
0.12613169103860855,0.6449417108669877,0.8755692717274727,1.4142135623730951,1,0.6098365876823664,1,0
0.690790506079793,0.6449417108669877,0.8755692717274727,1.4142135623730951,1,0.6098365876823664,1,0
0.12613169103860855,0.8962471876293421,0.8755692717274727,1.4142135623730951,1,0.6098365876823664,1,0
0.12613169103860855,0.6449417108669877,0.5473362009697097,1.4142135623730951,1,0.6098365876823664,1,0
0.12613169103860855,0.6449417108669877,0.8755692717274727,1.4142135623730951,1,0.6098365876823664,1,0
0.12613169103860855,0.6449417108669877,0.8755692717274727,1.4142135623730951,0,0.6098365876823664,1,0
0.12613169103860855,0.6449417108669877,0.8755692717274727,1.4142135623730951,1,0.24599904008209705,1,0
0.12613169103860855,0.6449417108669877,0.8755692717274727,1.4142135623730951,1,0.6098365876823664,3,0
0.12613169103860855,0.6449417108669877,0.8755692717274727,1.4142135623730951,1,0.6098365876823664,1,1
0.690790506079793,0.8962471876293421,0.5473362009697097,1.4142135623730951,0,0.24599904008209705,3,1
0.6175184017047286,0.35826041270047426,0.5144623624567469,0.9820777112231366,2,0.25667055137455463,3,1
0.0495609724894166,0.35826041270047426,0.5144623624567469,0.9820777112231366,2,0.25667055137455463,3,1
0.6175184017047286,0.02384971547871828,0.5144623624567469,0.9820777112231366,2,0.25667055137455463,3,1
0.6175184017047286,0.35826041270047426,0.7886205445204529,0.9820777112231366,2,0.25667055137455463,3,1
0.6175184017047286,0.35826041270047426,0.5144623624567469,1.3594865302236732,2,0.25667055137455463,3,1
0.6175184017047286,0.35826041270047426,0.5144623624567469,0.9820777112231366,2,0.25667055137455463,3,1
0.6175184017047286,0.35826041270047426,0.5144623624567469,0.9820777112231366,2,0.6030833562836051,3,1
0.6175184017047286,0.35826041270047426,0.5144623624567469,0.9820777112231366,2,0.25667055137455463,1,1
0.6175184017047286,0.35826041270047426,0.5144623624567469,0.9820777112231366,2,0.25667055137455463,3,0
0.0495609724894166,0.02384971547871828,0.7886205445204529,1.3594865302236732,2,0.6030833562836051,1,0
0.8589727021753788,0.8837845670059323,1.2199016509971656,1.4142135623730951,3,0.0557401180267334,2,1
0.2808277662843466,0.8837845670059323,1.2199016509971656,1.4142135623730951,3,0.0557401180267334,2,1
0.8589727021753788,0.35030960477888584,1.2199016509971656,1.4142135623730951,3,0.0557401180267334,2,1
0.8589727021753788,0.8837845670059323,1.1476413441576603,1.4142135623730951,3,0.0557401180267334,2,1
0.8589727021753788,0.8837845670059323,1.2199016509971656,1.4142135623730951,3,0.0557401180267334,2,1
0.8589727021753788,0.8837845670059323,1.2199016509971656,1.4142135623730951,1,0.0557401180267334,2,1
0.8589727021753788,0.8837845670059323,1.2199016509971656,1.4142135623730951,3,0.2699713073670864,2,1
0.8589727021753788,0.8837845670059323,1.2199016509971656,1.4142135623730951,3,0.0557401180267334,1,1
0.8589727021753788,0.8837845670059323,1.2199016509971656,1.4142135623730951,3,0.0557401180267334,2,1
0.2808277662843466,0.35030960477888584,1.1476413441576603,1.4142135623730951,1,0.2699713073670864,1,1
0.39737174939364195,0.11162797454744577,0.17430556629943747,1.2813085490208802,0,0.8278745040297508,2,0
0.9824823560193181,0.11162797454744577,0.17430556629943747,1.2813085490208802,0,0.8278745040297508,2,0
0.39737174939364195,0.729592596180737,0.17430556629943747,1.2813085490208802,0,0.8278745040297508,2,0
0.39737174939364195,0.11162797454744577,0.1901492818340182,1.2813085490208802,0,0.8278745040297508,2,0
0.39737174939364195,0.11162797454744577,0.17430556629943747,0.4405488955337845,0,0.8278745040297508,2,0
0.39737174939364195,0.11162797454744577,0.17430556629943747,1.2813085490208802,3,0.8278745040297508,2,0
0.39737174939364195,0.11162797454744577,0.17430556629943747,1.2813085490208802,0,0.8809617916122079,2,0
0.39737174939364195,0.11162797454744577,0.17430556629943747,1.2813085490208802,0,0.8278745040297508,3,0
0.39737174939364195,0.11162797454744577,0.17430556629943747,1.2813085490208802,0,0.8278745040297508,2,0
0.9824823560193181,0.729592596180737,0.1901492818340182,0.4405488955337845,3,0.8809617916122079,3,0
0.47988087218254805,0.5623683221638203,1.1442369680305964,1.4142135623730951,3,0.9386621536687016,1,0
0.628664874471724,0.5623683221638203,1.1442369680305964,1.4142135623730951,3,0.9386621536687016,1,0
0.47988087218254805,0.47956453543156385,1.1442369680305964,1.4142135623730951,3,0.9386621536687016,1,0
0.47988087218254805,0.5623683221638203,0.3431170366972998,0.9553365183913802,3,0.9386621536687016,1,0
0.47988087218254805,0.5623683221638203,1.1442369680305964,1.4142135623730951,3,0.9386621536687016,1,0
0.47988087218254805,0.5623683221638203,1.1442369680305964,1.4142135623730951,2,0.9386621536687016,1,0
0.47988087218254805,0.5623683221638203,1.1442369680305964,1.4142135623730951,3,0.36795609071850777,1,0
0.47988087218254805,0.5623683221638203,1.1442369680305964,1.4142135623730951,3,0.9386621536687016,1,0
0.47988087218254805,0.5623683221638203,1.1442369680305964,1.4142135623730951,3,0.9386621536687016,1,1
0.628664874471724,0.47956453543156385,0.3431170366972998,0.6839616931299093,2,0.36795609071850777,1,1
0.7676847092807293,0.4427993819117546,0.06903432383420859,0.31092330607368907,0,0.17930989433079958,3,1
0.11168746836483479,0.4427993819117546,0.06903432383420859,0.31092330607368907,0,0.17930989433079958,3,1
0.7676847092807293,0.6003386192023754,0.06903432383420859,0.31092330607368907,0,0.17930989433079958,3,1
0.7676847092807293,0.4427993819117546,1.1699619608320846,1.4142135623730951,0,0.17930989433079958,3,1
0.7676847092807293,0.4427993819117546,0.06903432383420859,0.9497655202963409,0,0.17930989433079958,3,1
0.7676847092807293,0.4427993819117546,0.06903432383420859,0.31092330607368907,0,0.17930989433079958,3,1
0.7676847092807293,0.4427993819117546,0.06903432383420859,0.31092330607368907,0,0.9791296953335404,3,1
0.7676847092807293,0.4427993819117546,0.06903432383420859,0.31092330607368907,0,0.17930989433079958,2,1
0.7676847092807293,0.4427993819117546,0.06903432383420859,0.31092330607368907,0,0.17930989433079958,3,0
0.11168746836483479,0.6003386192023754,1.1699619608320846,1.4142135623730951,0,0.9791296953335404,2,0
0.5057211657986045,0.7844550684094429,0.7819615900684667,1.385736419876516,1,0.38315711077302694,2,1
0.34283256251364946,0.7844550684094429,0.7819615900684667,1.385736419876516,1,0.38315711077302694,2,1
0.5057211657986045,0.7738215057179332,0.7819615900684667,1.385736419876516,1,0.38315711077302694,2,1
0.5057211657986045,0.7844550684094429,0.8104819159626123,1.385736419876516,1,0.38315711077302694,2,1
0.5057211657986045,0.7844550684094429,0.7819615900684667,1.073952838672803,1,0.38315711077302694,2,1
0.5057211657986045,0.7844550684094429,0.7819615900684667,1.385736419876516,3,0.38315711077302694,2,1
0.5057211657986045,0.7844550684094429,0.7819615900684667,1.385736419876516,1,0.1478158924728632,2,1
0.5057211657986045,0.7844550684094429,0.7819615900684667,1.385736419876516,1,0.38315711077302694,3,1
0.5057211657986045,0.7844550684094429,0.7819615900684667,1.385736419876516,1,0.38315711077302694,2,1
0.34283256251364946,0.7738215057179332,0.8104819159626123,1.073952838672803,3,0.1478158924728632,3,1
0.24672627449035645,0.21286189928650856,0.4354421265358465,0.6104130624985474,2,0.7489927401766181,3,0
0.9204786624759436,0.21286189928650856,0.4354421265358465,0.6104130624985474,2,0.7489927401766181,3,0
0.24672627449035645,0.1462763510644436,0.4354421265358465,0.6104130624985474,2,0.7489927401766181,3,0
0.24672627449035645,0.21286189928650856,0.7037397537527093,1.4142135623730951,2,0.7489927401766181,3,0
0.24672627449035645,0.21286189928650856,0.4354421265358465,1.4142135623730951,2,0.7489927401766181,3,0
0.24672627449035645,0.21286189928650856,0.4354421265358465,0.6104130624985474,1,0.7489927401766181,3,0
0.24672627449035645,0.21286189928650856,0.4354421265358465,0.6104130624985474,2,0.50508329924196,3,0
0.24672627449035645,0.21286189928650856,0.4354421265358465,0.6104130624985474,2,0.7489927401766181,2,0
0.24672627449035645,0.21286189928650856,0.4354421265358465,0.6104130624985474,2,0.7489927401766181,3,0
0.9204786624759436,0.1462763510644436,0.7037397537527093,1.4142135623730951,1,0.50508329924196,2,0
0.06551465950906277,0.9759236192330718,0.24555130234778727,0.40347934483700726,2,0.7761275703087449,1,1
0.3834328642114997,0.9759236192330718,0.24555130234778727,0.40347934483700726,2,0.7761275703087449,1,1
0.06551465950906277,0.6754263760522008,0.24555130234778727,0.40347934483700726,2,0.7761275703087449,1,1
0.06551465950906277,0.9759236192330718,0.8916231867664673,1.4142135623730951,2,0.7761275703087449,1,1
0.06551465950906277,0.9759236192330718,0.24555130234778727,0.2988310485978376,2,0.7761275703087449,1,1
0.06551465950906277,0.9759236192330718,0.24555130234778727,0.40347934483700726,3,0.7761275703087449,1,1
0.06551465950906277,0.9759236192330718,0.24555130234778727,0.40347934483700726,2,0.7684747762978077,1,1
0.06551465950906277,0.9759236192330718,0.24555130234778727,0.40347934483700726,2,0.7761275703087449,2,1
0.06551465950906277,0.9759236192330718,0.24555130234778727,0.40347934483700726,2,0.7761275703087449,1,0
0.3834328642114997,0.6754263760522008,0.8916231867664673,1.4142135623730951,3,0.7684747762978077,2,0
0.6820385837927461,0.02920838724821806,1.3212732009861852,1.4142135623730951,1,0.10588279459625483,2,0
0.8683932609856129,0.02920838724821806,1.3212732009861852,1.4142135623730951,1,0.10588279459625483,2,0
0.6820385837927461,0.3106046486645937,1.3212732009861852,1.4142135623730951,1,0.10588279459625483,2,0
0.6820385837927461,0.02920838724821806,0.4237251011351985,1.2246367993779819,1,0.10588279459625483,2,0
0.6820385837927461,0.02920838724821806,1.3212732009861852,1.4142135623730951,1,0.10588279459625483,2,0
0.6820385837927461,0.02920838724821806,1.3212732009861852,1.4142135623730951,1,0.10588279459625483,2,0
0.6820385837927461,0.02920838724821806,1.3212732009861852,1.4142135623730951,1,0.37549804989248514,2,0
0.6820385837927461,0.02920838724821806,1.3212732009861852,1.4142135623730951,1,0.10588279459625483,3,0
0.6820385837927461,0.02920838724821806,1.3212732009861852,1.4142135623730951,1,0.10588279459625483,2,1
0.8683932609856129,0.3106046486645937,0.4237251011351985,1.271844479456115,1,0.37549804989248514,3,1
0.9195877108722925,0.7459022803232074,0.6124770213289952,1.4142135623730951,0,0.3317103264853358,1,0
0.5824483884498477,0.7459022803232074,0.6124770213289952,1.4142135623730951,0,0.3317103264853358,1,0
0.9195877108722925,0.06331118661910295,0.6124770213289952,1.4142135623730951,0,0.3317103264853358,1,0
0.9195877108722925,0.7459022803232074,0.0762275027619606,0.17261136703933178,0,0.3317103264853358,1,0
0.9195877108722925,0.7459022803232074,0.6124770213289952,0.7937806543064486,0,0.3317103264853358,1,0
0.9195877108722925,0.7459022803232074,0.6124770213289952,1.4142135623730951,2,0.3317103264853358,1,0
0.9195877108722925,0.7459022803232074,0.6124770213289952,1.4142135623730951,0,0.7475566063076258,1,0
0.9195877108722925,0.7459022803232074,0.6124770213289952,1.4142135623730951,0,0.3317103264853358,3,0
0.9195877108722925,0.7459022803232074,0.6124770213289952,1.4142135623730951,0,0.3317103264853358,1,0
0.5824483884498477,0.06331118661910295,0.0762275027619606,0.7937806543064486,2,0.7475566063076258,3,0
0.3328492986038327,0.2514554029330611,0.9584799278179098,1.4142135623730951,3,0.5361575288698077,3,1
0.16206292808055878,0.2514554029330611,0.9584799278179098,1.4142135623730951,3,0.5361575288698077,3,1
0.3328492986038327,0.950658680871129,0.9584799278179098,1.4142135623730951,3,0.5361575288698077,3,1
0.3328492986038327,0.2514554029330611,1.237977438604192,1.4142135623730951,3,0.5361575288698077,3,1
0.3328492986038327,0.2514554029330611,0.9584799278179098,1.4142135623730951,3,0.5361575288698077,3,1
0.3328492986038327,0.2514554029330611,0.9584799278179098,1.4142135623730951,0,0.5361575288698077,3,1
0.3328492986038327,0.2514554029330611,0.9584799278179098,1.4142135623730951,3,0.10848606284707785,3,1
0.3328492986038327,0.2514554029330611,0.9584799278179098,1.4142135623730951,3,0.5361575288698077,1,1
0.3328492986038327,0.2514554029330611,0.9584799278179098,1.4142135623730951,3,0.5361575288698077,3,1
0.16206292808055878,0.950658680871129,1.237977438604192,1.4142135623730951,0,0.10848606284707785,1,1
0.31774601247161627,0.9483109060674906,1.3551300739109051,1.4142135623730951,1,0.7297755712643266,1,1
0.7925694873556495,0.9483109060674906,1.3551300739109051,1.4142135623730951,1,0.7297755712643266,1,1
0.31774601247161627,0.006443950347602367,1.3551300739109051,1.4142135623730951,1,0.7297755712643266,1,1
0.31774601247161627,0.9483109060674906,0.8720094514376554,1.2417970560194975,1,0.7297755712643266,1,1
0.31774601247161627,0.9483109060674906,1.3551300739109051,1.4142135623730951,1,0.7297755712643266,1,1
0.31774601247161627,0.9483109060674906,1.3551300739109051,1.4142135623730951,2,0.7297755712643266,1,1
0.31774601247161627,0.9483109060674906,1.3551300739109051,1.4142135623730951,1,0.7566688545048237,1,1
0.31774601247161627,0.9483109060674906,1.3551300739109051,1.4142135623730951,1,0.7297755712643266,1,1
0.31774601247161627,0.9483109060674906,1.3551300739109051,1.4142135623730951,1,0.7297755712643266,1,0
0.7925694873556495,0.006443950347602367,0.8720094514376554,0.9230082207830083,2,0.7566688545048237,1,0
0.933720126748085,0.048470666632056236,0.2986580739802819,0.643173612916891,2,0.4042050251737237,3,0
0.46292828395962715,0.048470666632056236,0.2986580739802819,0.643173612916891,2,0.4042050251737237,3,0
0.933720126748085,0.8859439454972744,0.2986580739802819,0.643173612916891,2,0.4042050251737237,3,0
0.933720126748085,0.048470666632056236,0.618994206953481,0.643173612916891,2,0.4042050251737237,3,0
0.933720126748085,0.048470666632056236,0.2986580739802819,0.6585851322763278,2,0.4042050251737237,3,0
0.933720126748085,0.048470666632056236,0.2986580739802819,0.643173612916891,0,0.4042050251737237,3,0
0.933720126748085,0.048470666632056236,0.2986580739802819,0.643173612916891,2,0.3952548736706376,3,0
0.933720126748085,0.048470666632056236,0.2986580739802819,0.643173612916891,2,0.4042050251737237,3,0
0.933720126748085,0.048470666632056236,0.2986580739802819,0.643173612916891,2,0.4042050251737237,3,1
0.46292828395962715,0.8859439454972744,0.618994206953481,0.6585851322763278,0,0.3952548736706376,3,1
0.6678508101031184,0.7104770001024008,1.015857998055756,1.4142135623730951,3,0.15832795482128859,2,0
0.24154883157461882,0.7104770001024008,1.015857998055756,1.4142135623730951,3,0.15832795482128859,2,0
0.6678508101031184,0.7401710031554103,1.015857998055756,1.4142135623730951,3,0.15832795482128859,2,0
0.6678508101031184,0.7104770001024008,0.2731790976019078,1.010885933019837,3,0.15832795482128859,2,0
0.6678508101031184,0.7104770001024008,1.015857998055756,1.4142135623730951,3,0.15832795482128859,2,0
0.6678508101031184,0.7104770001024008,1.015857998055756,1.4142135623730951,3,0.15832795482128859,2,0
0.6678508101031184,0.7104770001024008,1.015857998055756,1.4142135623730951,3,0.7277842257171869,2,0
0.6678508101031184,0.7104770001024008,1.015857998055756,1.4142135623730951,3,0.15832795482128859,3,0
0.6678508101031184,0.7104770001024008,1.015857998055756,1.4142135623730951,3,0.15832795482128859,2,0
0.24154883157461882,0.7401710031554103,0.2731790976019078,1.4142135623730951,3,0.7277842257171869,3,0
0.08068468794226646,0.2941551301628351,0.6449109850378509,1.4142135623730951,0,0.9575695497915149,2,1
0.5066150575876236,0.2941551301628351,0.6449109850378509,1.4142135623730951,0,0.9575695497915149,2,1
0.08068468794226646,0.367442112416029,0.6449109850378509,1.4142135623730951,0,0.9575695497915149,2,1
0.08068468794226646,0.2941551301628351,1.2189240746022907,1.4142135623730951,0,0.9575695497915149,2,1
0.08068468794226646,0.2941551301628351,0.6449109850378509,1.14145029348113,0,0.9575695497915149,2,1
0.08068468794226646,0.2941551301628351,0.6449109850378509,1.4142135623730951,1,0.9575695497915149,2,1
0.08068468794226646,0.2941551301628351,0.6449109850378509,1.4142135623730951,0,0.12027654703706503,2,1
0.08068468794226646,0.2941551301628351,0.6449109850378509,1.4142135623730951,0,0.9575695497915149,1,1
0.08068468794226646,0.2941551301628351,0.6449109850378509,1.4142135623730951,0,0.9575695497915149,2,1
0.5066150575876236,0.367442112416029,1.2189240746022907,1.4142135623730951,1,0.12027654703706503,1,1
0.23161541856825352,0.5191344851627946,0.12213956764344468,1.4142135623730951,0,0.5475912215188146,2,0
0.03218632284551859,0.5191344851627946,0.12213956764344468,1.4142135623730951,0,0.5475912215188146,2,0
0.23161541856825352,0.8419540198519826,0.12213956764344468,1.4142135623730951,0,0.5475912215188146,2,0
0.23161541856825352,0.5191344851627946,0.014572346629626507,0.028584348274122644,0,0.5475912215188146,2,0
0.23161541856825352,0.5191344851627946,0.12213956764344468,1.2968742033565885,0,0.5475912215188146,2,0
0.23161541856825352,0.5191344851627946,0.12213956764344468,1.4142135623730951,3,0.5475912215188146,2,0
0.23161541856825352,0.5191344851627946,0.12213956764344468,1.4142135623730951,0,0.3564081974327564,2,0
0.23161541856825352,0.5191344851627946,0.12213956764344468,1.4142135623730951,0,0.5475912215188146,1,0
0.23161541856825352,0.5191344851627946,0.12213956764344468,1.4142135623730951,0,0.5475912215188146,2,1
0.03218632284551859,0.8419540198519826,0.014572346629626507,1.2968742033565885,3,0.3564081974327564,1,1
0.5198460118845105,0.47769053746014833,1.1780950105303625,1.4142135623730951,3,0.3184448080137372,2,1
0.7045134473592043,0.47769053746014833,1.1780950105303625,1.4142135623730951,3,0.3184448080137372,2,1
0.5198460118845105,0.2065617460757494,1.1780950105303625,1.4142135623730951,3,0.3184448080137372,2,1
0.5198460118845105,0.47769053746014833,1.3228516175850755,1.4142135623730951,3,0.3184448080137372,2,1
0.5198460118845105,0.47769053746014833,1.1780950105303625,1.4142135623730951,3,0.3184448080137372,2,1
0.5198460118845105,0.47769053746014833,1.1780950105303625,1.4142135623730951,1,0.3184448080137372,2,1
0.5198460118845105,0.47769053746014833,1.1780950105303625,1.4142135623730951,3,0.9986563855782151,2,1
0.5198460118845105,0.47769053746014833,1.1780950105303625,1.4142135623730951,3,0.3184448080137372,2,1
0.5198460118845105,0.47769053746014833,1.1780950105303625,1.4142135623730951,3,0.3184448080137372,2,0
0.7045134473592043,0.2065617460757494,1.3228516175850755,1.4142135623730951,1,0.9986563855782151,2,0
0.7534893658012152,0.7646587835624814,0.467874583494868,1.4142135623730951,2,0.11896205600351095,1,1
0.9963177116587758,0.7646587835624814,0.467874583494868,1.4142135623730951,2,0.11896205600351095,1,1
0.7534893658012152,0.4193093301728368,0.467874583494868,1.4142135623730951,2,0.11896205600351095,1,1
0.7534893658012152,0.7646587835624814,0.9614301334566875,1.4142135623730951,2,0.11896205600351095,1,1
0.7534893658012152,0.7646587835624814,0.467874583494868,1.4142135623730951,2,0.11896205600351095,1,1
0.7534893658012152,0.7646587835624814,0.467874583494868,1.4142135623730951,2,0.11896205600351095,1,1
0.7534893658012152,0.7646587835624814,0.467874583494868,1.4142135623730951,2,0.1283042822033167,1,1
0.7534893658012152,0.7646587835624814,0.467874583494868,1.4142135623730951,2,0.11896205600351095,3,1
0.7534893658012152,0.7646587835624814,0.467874583494868,1.4142135623730951,2,0.11896205600351095,1,1
0.9963177116587758,0.4193093301728368,0.9614301334566875,1.4142135623730951,2,0.1283042822033167,3,1
0.49504333082586527,0.23994062189012766,0.8393408509547834,1.10339881341028,1,0.765123694203794,3,0
0.26332186721265316,0.23994062189012766,0.8393408509547834,1.10339881341028,1,0.765123694203794,3,0
0.49504333082586527,0.5321757961064577,0.8393408509547834,1.10339881341028,1,0.765123694203794,3,0
0.49504333082586527,0.23994062189012766,0.3748936425953762,1.10339881341028,1,0.765123694203794,3,0
0.49504333082586527,0.23994062189012766,0.8393408509547834,1.4142135623730951,1,0.765123694203794,3,0
0.49504333082586527,0.23994062189012766,0.8393408509547834,1.10339881341028,0,0.765123694203794,3,0
0.49504333082586527,0.23994062189012766,0.8393408509547834,1.10339881341028,1,0.51664615329355,3,0
0.49504333082586527,0.23994062189012766,0.8393408509547834,1.10339881341028,1,0.765123694203794,2,0
0.49504333082586527,0.23994062189012766,0.8393408509547834,1.10339881341028,1,0.765123694203794,3,0
0.26332186721265316,0.5321757961064577,0.3748936425953762,0.7252459418486662,0,0.51664615329355,2,0
0.38220919761806726,0.6798138506710529,0.3936826905393756,0.7769087901100469,2,0.8769012484699488,2,0
0.09415954537689686,0.6798138506710529,0.3936826905393756,0.7769087901100469,2,0.8769012484699488,2,0
0.38220919761806726,0.2822039760649204,0.3936826905393756,0.7769087901100469,2,0.8769012484699488,2,0
0.38220919761806726,0.6798138506710529,0.5284959525073037,0.7769087901100469,2,0.8769012484699488,2,0
0.38220919761806726,0.6798138506710529,0.3936826905393756,1.0121620526648718,2,0.8769012484699488,2,0
0.38220919761806726,0.6798138506710529,0.3936826905393756,0.7769087901100469,1,0.8769012484699488,2,0
0.38220919761806726,0.6798138506710529,0.3936826905393756,0.7769087901100469,2,0.23422268219292164,2,0
0.38220919761806726,0.6798138506710529,0.3936826905393756,0.7769087901100469,2,0.8769012484699488,3,0
0.38220919761806726,0.6798138506710529,0.3936826905393756,0.7769087901100469,2,0.8769012484699488,2,1
0.09415954537689686,0.2822039760649204,0.5284959525073037,1.0121620526648718,1,0.23422268219292164,3,1
0.8731681983917952,0.3150075599551201,0.7298454932811108,1.4142135623730951,1,0.24157624132931232,3,1
0.6425393605604768,0.3150075599551201,0.7298454932811108,1.4142135623730951,1,0.24157624132931232,3,1
0.8731681983917952,0.6692801965400577,0.7298454932811108,1.4142135623730951,1,0.24157624132931232,3,1
0.8731681983917952,0.3150075599551201,0.9860495999337558,1.4142135623730951,1,0.24157624132931232,3,1
0.8731681983917952,0.3150075599551201,0.7298454932811108,1.4142135623730951,1,0.24157624132931232,3,1
0.8731681983917952,0.3150075599551201,0.7298454932811108,1.4142135623730951,3,0.24157624132931232,3,1
0.8731681983917952,0.3150075599551201,0.7298454932811108,1.4142135623730951,1,0.6227476736530662,3,1
0.8731681983917952,0.3150075599551201,0.7298454932811108,1.4142135623730951,1,0.24157624132931232,1,1
0.8731681983917952,0.3150075599551201,0.7298454932811108,1.4142135623730951,1,0.24157624132931232,3,0
0.6425393605604768,0.6692801965400577,0.9860495999337558,1.4142135623730951,3,0.6227476736530662,1,0
0.6033934624865651,0.9108441546559334,0.032766790786101216,1.2075245071671608,0,0.4458945691585541,1,1
0.9342216607183218,0.9108441546559334,0.032766790786101216,1.2075245071671608,0,0.4458945691585541,1,1
0.6033934624865651,0.956589836627245,0.032766790786101216,1.2075245071671608,0,0.4458945691585541,1,1
0.6033934624865651,0.9108441546559334,1.3424384263460452,1.4142135623730951,0,0.4458945691585541,1,1
0.6033934624865651,0.9108441546559334,0.032766790786101216,0.08044965023941446,0,0.4458945691585541,1,1
0.6033934624865651,0.9108441546559334,0.032766790786101216,1.2075245071671608,0,0.4458945691585541,1,1
0.6033934624865651,0.9108441546559334,0.032766790786101216,1.2075245071671608,0,0.250291433185339,1,1
0.6033934624865651,0.9108441546559334,0.032766790786101216,1.2075245071671608,0,0.4458945691585541,1,1
0.6033934624865651,0.9108441546559334,0.032766790786101216,1.2075245071671608,0,0.4458945691585541,1,1
0.9342216607183218,0.956589836627245,1.3424384263460452,1.4142135623730951,0,0.250291433185339,1,1
0.14124269969761372,0.09181255474686623,1.097612774191604,1.4142135623730951,3,0.6857498213648796,3,0
0.3254168154671788,0.09181255474686623,1.097612774191604,1.4142135623730951,3,0.6857498213648796,3,0
0.14124269969761372,0.09192497562617064,1.097612774191604,1.4142135623730951,3,0.6857498213648796,3,0
0.14124269969761372,0.09181255474686623,0.17031707831594997,0.43198544221851337,3,0.6857498213648796,3,0
0.14124269969761372,0.09181255474686623,1.097612774191604,1.230239776394329,3,0.6857498213648796,3,0
0.14124269969761372,0.09181255474686623,1.097612774191604,1.4142135623730951,2,0.6857498213648796,3,0
0.14124269969761372,0.09181255474686623,1.097612774191604,1.4142135623730951,3,0.8927227118983865,3,0
0.14124269969761372,0.09181255474686623,1.097612774191604,1.4142135623730951,3,0.6857498213648796,3,0
0.14124269969761372,0.09181255474686623,1.097612774191604,1.4142135623730951,3,0.6857498213648796,3,0
0.3254168154671788,0.09192497562617064,0.17031707831594997,1.230239776394329,2,0.8927227118983865,3,0
0.04596893861889839,0.8443789696320891,0.9063624823314016,1.4142135623730951,3,0.8379056435078382,1,1
0.8545283414423466,0.8443789696320891,0.9063624823314016,1.4142135623730951,3,0.8379056435078382,1,1
0.04596893861889839,0.6174701992422342,0.9063624823314016,1.4142135623730951,3,0.8379056435078382,1,1
0.04596893861889839,0.8443789696320891,1.0651909461409412,1.4142135623730951,3,0.8379056435078382,1,1
0.04596893861889839,0.8443789696320891,0.9063624823314016,1.3862468564075645,3,0.8379056435078382,1,1
0.04596893861889839,0.8443789696320891,0.9063624823314016,1.4142135623730951,0,0.8379056435078382,1,1
0.04596893861889839,0.8443789696320891,0.9063624823314016,1.4142135623730951,3,0.6308379787951708,1,1
0.04596893861889839,0.8443789696320891,0.9063624823314016,1.4142135623730951,3,0.8379056435078382,3,1
0.04596893861889839,0.8443789696320891,0.9063624823314016,1.4142135623730951,3,0.8379056435078382,1,0
0.8545283414423466,0.6174701992422342,1.0651909461409412,1.3862468564075645,0,0.6308379787951708,3,0
0.7093980265781283,0.15046944748610258,0.5707189340316766,1.402546598208855,0,0.04363361559808254,3,0
0.4009702345356345,0.15046944748610258,0.5707189340316766,1.402546598208855,0,0.04363361559808254,3,0
0.7093980265781283,0.49014196265488863,0.5707189340316766,1.402546598208855,0,0.04363361559808254,3,0
0.7093980265781283,0.15046944748610258,0.24869046021097338,1.402546598208855,0,0.04363361559808254,3,0
0.7093980265781283,0.15046944748610258,0.5707189340316766,1.4142135623730951,0,0.04363361559808254,3,0
0.7093980265781283,0.15046944748610258,0.5707189340316766,1.402546598208855,2,0.04363361559808254,3,0
0.7093980265781283,0.15046944748610258,0.5707189340316766,1.402546598208855,0,0.02302513923496008,3,0
0.7093980265781283,0.15046944748610258,0.5707189340316766,1.402546598208855,0,0.04363361559808254,2,0
0.7093980265781283,0.15046944748610258,0.5707189340316766,1.402546598208855,0,0.04363361559808254,3,1
0.4009702345356345,0.49014196265488863,0.24869046021097338,1.4142135623730951,2,0.02302513923496008,2,1
0.9391340538859367,0.6212832136079669,1.2746476584480406,1.4142135623730951,1,0.26895569637417793,1,0
0.1794690489768982,0.6212832136079669,1.2746476584480406,1.4142135623730951,1,0.26895569637417793,1,0
0.9391340538859367,0.13597212173044682,1.2746476584480406,1.4142135623730951,1,0.26895569637417793,1,0
0.9391340538859367,0.6212832136079669,0.5992792770413943,1.4142135623730951,1,0.26895569637417793,1,0
0.9391340538859367,0.6212832136079669,1.2746476584480406,1.4142135623730951,1,0.26895569637417793,1,0
0.9391340538859367,0.6212832136079669,1.2746476584480406,1.4142135623730951,1,0.26895569637417793,1,0
0.9391340538859367,0.6212832136079669,1.2746476584480406,1.4142135623730951,1,0.8539355359971523,1,0
0.9391340538859367,0.6212832136079669,1.2746476584480406,1.4142135623730951,1,0.26895569637417793,1,0
0.9391340538859367,0.6212832136079669,1.2746476584480406,1.4142135623730951,1,0.26895569637417793,1,0
0.1794690489768982,0.13597212173044682,0.5992792770413943,1.4142135623730951,1,0.8539355359971523,1,0
0.3054897701367736,0.38135484512895346,0.20928511799883223,0.9492296112637237,2,0.5993832759559155,2,1
0.5686958832666278,0.38135484512895346,0.20928511799883223,0.9492296112637237,2,0.5993832759559155,2,1
0.3054897701367736,0.7564148204401135,0.20928511799883223,0.9492296112637237,2,0.5993832759559155,2,1
0.3054897701367736,0.38135484512895346,0.7163928514391611,0.9492296112637237,2,0.5993832759559155,2,1
0.3054897701367736,0.38135484512895346,0.20928511799883223,0.8142481978582162,2,0.5993832759559155,2,1
0.3054897701367736,0.38135484512895346,0.20928511799883223,0.9492296112637237,3,0.5993832759559155,2,1
0.3054897701367736,0.38135484512895346,0.20928511799883223,0.9492296112637237,2,0.49221636448055506,2,1
0.3054897701367736,0.38135484512895346,0.20928511799883223,0.9492296112637237,2,0.5993832759559155,2,1
0.3054897701367736,0.38135484512895346,0.20928511799883223,0.9492296112637237,2,0.5993832759559155,2,1
0.5686958832666278,0.7564148204401135,0.7163928514391611,0.8142481978582162,3,0.49221636448055506,2,1
0.2680064169690013,0.5723644280806184,0.7724405959164314,1.4142135623730951,0,0.02772817760705948,3,0
0.663270141929388,0.5723644280806184,0.7724405959164314,1.4142135623730951,0,0.02772817760705948,3,0
0.2680064169690013,0.24697053618729115,0.7724405959164314,1.4142135623730951,0,0.02772817760705948,3,0
0.2680064169690013,0.5723644280806184,0.772914664985571,1.4142135623730951,0,0.02772817760705948,3,0
0.2680064169690013,0.5723644280806184,0.7724405959164314,1.2459839674145072,0,0.02772817760705948,3,0
0.2680064169690013,0.5723644280806184,0.7724405959164314,1.4142135623730951,0,0.02772817760705948,3,0
0.2680064169690013,0.5723644280806184,0.7724405959164314,1.4142135623730951,0,0.33564331848174334,3,0
0.2680064169690013,0.5723644280806184,0.7724405959164314,1.4142135623730951,0,0.02772817760705948,1,0
0.2680064169690013,0.5723644280806184,0.7724405959164314,1.4142135623730951,0,0.02772817760705948,3,0
0.663270141929388,0.24697053618729115,0.772914664985571,1.2459839674145072,0,0.33564331848174334,1,0
0.9795468263328075,0.4225222812965512,0.4008059939435636,1.1439478959675502,3,0.8542838543653488,1,1
0.08465104456990957,0.4225222812965512,0.4008059939435636,1.1439478959675502,3,0.8542838543653488,1,1
0.9795468263328075,0.8606263073161244,0.4008059939435636,1.1439478959675502,3,0.8542838543653488,1,1
0.9795468263328075,0.4225222812965512,0.5647894387944707,1.1439478959675502,3,0.8542838543653488,1,1
0.9795468263328075,0.4225222812965512,0.4008059939435636,1.4142135623730951,3,0.8542838543653488,1,1
0.9795468263328075,0.4225222812965512,0.4008059939435636,1.1439478959675502,2,0.8542838543653488,1,1
0.9795468263328075,0.4225222812965512,0.4008059939435636,1.1439478959675502,3,0.9432197064161301,1,1
0.9795468263328075,0.4225222812965512,0.4008059939435636,1.1439478959675502,3,0.8542838543653488,3,1
0.9795468263328075,0.4225222812965512,0.4008059939435636,1.1439478959675502,3,0.8542838543653488,1,1
0.08465104456990957,0.8606263073161244,0.5647894387944707,1.4142135623730951,2,0.9432197064161301,3,1
0.7468811115249991,0.8345210151746869,1.1131071582064802,1.4142135623730951,2,0.5830620247870684,2,1
0.3710920736193657,0.8345210151746869,1.1131071582064802,1.4142135623730951,2,0.5830620247870684,2,1
0.7468811115249991,0.5152111817151308,1.1131071582064802,1.4142135623730951,2,0.5830620247870684,2,1
0.7468811115249991,0.8345210151746869,0.21689843120052,1.4142135623730951,2,0.5830620247870684,2,1
0.7468811115249991,0.8345210151746869,1.1131071582064802,1.4142135623730951,2,0.5830620247870684,2,1
0.7468811115249991,0.8345210151746869,1.1131071582064802,1.4142135623730951,1,0.5830620247870684,2,1
0.7468811115249991,0.8345210151746869,1.1131071582064802,1.4142135623730951,2,0.17983469646424055,2,1
0.7468811115249991,0.8345210151746869,1.1131071582064802,1.4142135623730951,2,0.5830620247870684,3,1
0.7468811115249991,0.8345210151746869,1.1131071582064802,1.4142135623730951,2,0.5830620247870684,2,0
0.3710920736193657,0.5152111817151308,0.21689843120052,0.48692399622972143,1,0.17983469646424055,3,0
0.005555897951126099,0.16820105258375406,0.055942353648390855,0.8460071073482741,1,0.2848036829382181,2,0
0.8851357279345393,0.16820105258375406,0.055942353648390855,0.8460071073482741,1,0.2848036829382181,2,0
0.005555897951126099,0.3771909596398473,0.055942353648390855,0.8460071073482741,1,0.2848036829382181,2,0
0.005555897951126099,0.16820105258375406,1.1191450788456585,1.4142135623730951,1,0.2848036829382181,2,0
0.005555897951126099,0.16820105258375406,0.055942353648390855,0.7514495937745146,1,0.2848036829382181,2,0
0.005555897951126099,0.16820105258375406,0.055942353648390855,0.8460071073482741,3,0.2848036829382181,2,0
0.005555897951126099,0.16820105258375406,0.055942353648390855,0.8460071073482741,1,0.5413172971457243,2,0
0.005555897951126099,0.16820105258375406,0.055942353648390855,0.8460071073482741,1,0.2848036829382181,2,0
0.005555897951126099,0.16820105258375406,0.055942353648390855,0.8460071073482741,1,0.2848036829382181,2,1
0.8851357279345393,0.3771909596398473,1.1191450788456585,1.4142135623730951,3,0.5413172971457243,2,1
0.18165547214448452,0.8931735847145319,0.5773229882622104,1.0513871367571987,1,0.19490551576018333,3,1
0.4182832185178995,0.8931735847145319,0.5773229882622104,1.0513871367571987,1,0.19490551576018333,3,1
0.18165547214448452,0.9104837141931057,0.5773229882622104,1.0513871367571987,1,0.19490551576018333,3,1
0.18165547214448452,0.8931735847145319,0.11366679590692276,1.0513871367571987,1,0.19490551576018333,3,1
0.18165547214448452,0.8931735847145319,0.5773229882622104,0.9521471004113449,1,0.19490551576018333,3,1
0.18165547214448452,0.8931735847145319,0.5773229882622104,1.0513871367571987,1,0.19490551576018333,3,1
0.18165547214448452,0.8931735847145319,0.5773229882622104,1.0513871367571987,1,0.8101218910887837,3,1
0.18165547214448452,0.8931735847145319,0.5773229882622104,1.0513871367571987,1,0.19490551576018333,2,1
0.18165547214448452,0.8931735847145319,0.5773229882622104,1.0513871367571987,1,0.19490551576018333,3,1
0.4182832185178995,0.9104837141931057,0.11366679590692276,0.9521471004113449,1,0.8101218910887837,2,1
0.5659101093187928,0.10173154436051846,0.9494768341403765,1.4142135623730951,2,0.9230686761438847,2,0
0.8416019240394235,0.10173154436051846,0.9494768341403765,1.4142135623730951,2,0.9230686761438847,2,0
0.5659101093187928,0.04098525922745466,0.9494768341403765,1.4142135623730951,2,0.9230686761438847,2,0
0.5659101093187928,0.10173154436051846,1.3770560485692975,1.4142135623730951,2,0.9230686761438847,2,0
0.5659101093187928,0.10173154436051846,0.9494768341403765,1.4142135623730951,2,0.9230686761438847,2,0
0.5659101093187928,0.10173154436051846,0.9494768341403765,1.4142135623730951,3,0.9230686761438847,2,0
0.5659101093187928,0.10173154436051846,0.9494768341403765,1.4142135623730951,2,0.4218486100435257,2,0
0.5659101093187928,0.10173154436051846,0.9494768341403765,1.4142135623730951,2,0.9230686761438847,3,0
0.5659101093187928,0.10173154436051846,0.9494768341403765,1.4142135623730951,2,0.9230686761438847,2,0
0.8416019240394235,0.04098525922745466,1.3770560485692975,1.4142135623730951,3,0.4218486100435257,3,0
0.8327551577240229,0.6387074496597052,0.23297723263647138,1.283813523254523,3,0.6396474745124578,3,0
0.6099764388054609,0.6387074496597052,0.23297723263647138,1.283813523254523,3,0.6396474745124578,3,0
0.8327551577240229,0.3350965194404125,0.23297723263647138,1.283813523254523,3,0.6396474745124578,3,0
0.8327551577240229,0.6387074496597052,1.0177111370328633,1.283813523254523,3,0.6396474745124578,3,0
0.8327551577240229,0.6387074496597052,0.23297723263647138,1.4142135623730951,3,0.6396474745124578,3,0
0.8327551577240229,0.6387074496597052,0.23297723263647138,1.283813523254523,0,0.6396474745124578,3,0
0.8327551577240229,0.6387074496597052,0.23297723263647138,1.283813523254523,3,0.7050967244431376,3,0
0.8327551577240229,0.6387074496597052,0.23297723263647138,1.283813523254523,3,0.6396474745124578,2,0
0.8327551577240229,0.6387074496597052,0.23297723263647138,1.283813523254523,3,0.6396474745124578,3,1
0.6099764388054609,0.3350965194404125,1.0177111370328633,1.4142135623730951,0,0.7050967244431376,2,1
0.41969228256493807,0.3639873806387186,1.2896254906875673,1.4142135623730951,0,0.49250070564448833,1,1
0.12598853278905153,0.3639873806387186,1.2896254906875673,1.4142135623730951,0,0.49250070564448833,1,1
0.41969228256493807,0.7134336112067103,1.2896254906875673,1.4142135623730951,0,0.49250070564448833,1,1
0.41969228256493807,0.3639873806387186,0.4746729755267965,0.6892051575284583,0,0.49250070564448833,1,1
0.41969228256493807,0.3639873806387186,1.2896254906875673,1.4142135623730951,0,0.49250070564448833,1,1
0.41969228256493807,0.3639873806387186,1.2896254906875673,1.4142135623730951,2,0.49250070564448833,1,1
0.41969228256493807,0.3639873806387186,1.2896254906875673,1.4142135623730951,0,0.06291727535426617,1,1
0.41969228256493807,0.3639873806387186,1.2896254906875673,1.4142135623730951,0,0.49250070564448833,1,1
0.41969228256493807,0.3639873806387186,1.2896254906875673,1.4142135623730951,0,0.49250070564448833,1,0
0.12598853278905153,0.7134336112067103,0.4746729755267965,1.092803824044867,2,0.06291727535426617,1,0
0.4534250916913152,0.8058280115947127,0.31967432735281287,1.4142135623730951,3,0.366077090613544,3,1
0.4812479028478265,0.8058280115947127,0.31967432735281287,1.4142135623730951,3,0.366077090613544,3,1
0.4534250916913152,0.46340540517121553,0.31967432735281287,1.4142135623730951,3,0.366077090613544,3,1
0.4534250916913152,0.8058280115947127,0.406619954132289,1.4142135623730951,3,0.366077090613544,3,1
0.4534250916913152,0.8058280115947127,0.31967432735281287,1.334835395658305,3,0.366077090613544,3,1
0.4534250916913152,0.8058280115947127,0.31967432735281287,1.4142135623730951,3,0.366077090613544,3,1
0.4534250916913152,0.8058280115947127,0.31967432735281287,1.4142135623730951,3,0.6862745387479663,3,1
0.4534250916913152,0.8058280115947127,0.31967432735281287,1.4142135623730951,3,0.366077090613544,3,1
0.4534250916913152,0.8058280115947127,0.31967432735281287,1.4142135623730951,3,0.366077090613544,3,1
0.4812479028478265,0.46340540517121553,0.406619954132289,1.334835395658305,3,0.6862745387479663,3,1
0.790225001052022,0.19101981353014708,1.3838322265778829,1.4142135623730951,0,0.5004321960732341,2,0
0.7786361370235682,0.19101981353014708,1.3838322265778829,1.4142135623730951,0,0.5004321960732341,2,0
0.790225001052022,0.5851256791502237,1.3838322265778829,1.4142135623730951,0,0.5004321960732341,2,0
0.790225001052022,0.19101981353014708,0.9076717623265914,1.4142135623730951,0,0.5004321960732341,2,0
0.790225001052022,0.19101981353014708,1.3838322265778829,1.4142135623730951,0,0.5004321960732341,2,0
0.790225001052022,0.19101981353014708,1.3838322265778829,1.4142135623730951,1,0.5004321960732341,2,0
0.790225001052022,0.19101981353014708,1.3838322265778829,1.4142135623730951,0,0.04378989897668362,2,0
0.790225001052022,0.19101981353014708,1.3838322265778829,1.4142135623730951,0,0.5004321960732341,1,0
0.790225001052022,0.19101981353014708,1.3838322265778829,1.4142135623730951,0,0.5004321960732341,2,0
0.7786361370235682,0.5851256791502237,0.9076717623265914,1.4142135623730951,1,0.04378989897668362,1,0
0.5614644596353173,0.536864067427814,0.681984892665093,1.4142135623730951,1,0.8122180858626962,3,0
0.5468884455040097,0.536864067427814,0.681984892665093,1.4142135623730951,1,0.8122180858626962,3,0
0.5614644596353173,0.7909572022035718,0.681984892665093,1.4142135623730951,1,0.8122180858626962,3,0
0.5614644596353173,0.536864067427814,1.2661366555686522,1.4142135623730951,1,0.8122180858626962,3,0
0.5614644596353173,0.536864067427814,0.681984892665093,1.4142135623730951,1,0.8122180858626962,3,0
0.5614644596353173,0.536864067427814,0.681984892665093,1.4142135623730951,2,0.8122180858626962,3,0
0.5614644596353173,0.536864067427814,0.681984892665093,1.4142135623730951,1,0.8292645113542676,3,0
0.5614644596353173,0.536864067427814,0.681984892665093,1.4142135623730951,1,0.8122180858626962,1,0
0.5614644596353173,0.536864067427814,0.681984892665093,1.4142135623730951,1,0.8122180858626962,3,1
0.5468884455040097,0.7909572022035718,1.2661366555686522,1.4142135623730951,2,0.8292645113542676,1,1
0.19487999193370342,0.46783437486737967,1.01745403730568,1.3550969385854414,2,0.07139486912637949,1,1
0.1890756618231535,0.46783437486737967,1.01745403730568,1.3550969385854414,2,0.07139486912637949,1,1
0.19487999193370342,0.16051272489130497,1.01745403730568,1.3550969385854414,2,0.07139486912637949,1,1
0.19487999193370342,0.46783437486737967,0.04912512065808898,1.3550969385854414,2,0.07139486912637949,1,1
0.19487999193370342,0.46783437486737967,1.01745403730568,1.4142135623730951,2,0.07139486912637949,1,1
0.19487999193370342,0.46783437486737967,1.01745403730568,1.3550969385854414,0,0.07139486912637949,1,1
0.19487999193370342,0.46783437486737967,1.01745403730568,1.3550969385854414,2,0.44068606942892075,1,1
0.19487999193370342,0.46783437486737967,1.01745403730568,1.3550969385854414,2,0.07139486912637949,2,1
0.19487999193370342,0.46783437486737967,1.01745403730568,1.3550969385854414,2,0.07139486912637949,1,0
0.1890756618231535,0.16051272489130497,0.04912512065808898,0.8406277970715295,0,0.44068606942892075,2,0
0.11742032319307327,0.7203941978514194,1.2073137149726896,1.4142135623730951,2,0.41911841835826635,3,0
0.7262512212619185,0.7203941978514194,1.2073137149726896,1.4142135623730951,2,0.41911841835826635,3,0
0.11742032319307327,0.6271628988906741,1.2073137149726896,1.4142135623730951,2,0.41911841835826635,3,0
0.11742032319307327,0.7203941978514194,1.1870672816907442,1.4142135623730951,2,0.41911841835826635,3,0
0.11742032319307327,0.7203941978514194,1.2073137149726896,1.4142135623730951,2,0.41911841835826635,3,0
0.11742032319307327,0.7203941978514194,1.2073137149726896,1.4142135623730951,2,0.41911841835826635,3,0
0.11742032319307327,0.7203941978514194,1.2073137149726896,1.4142135623730951,2,0.2076290650293231,3,0
0.11742032319307327,0.7203941978514194,1.2073137149726896,1.4142135623730951,2,0.41911841835826635,2,0
0.11742032319307327,0.7203941978514194,1.2073137149726896,1.4142135623730951,2,0.41911841835826635,3,0
0.7262512212619185,0.6271628988906741,1.1870672816907442,1.4142135623730951,2,0.2076290650293231,2,0
0.6262325709685683,0.2764865830540657,0.14263926924062617,0.39010186399684266,1,0.7143584107980132,1,1
0.021671008318662643,0.2764865830540657,0.14263926924062617,0.39010186399684266,1,0.7143584107980132,1,1
0.6262325709685683,0.2652401961386204,0.14263926924062617,0.39010186399684266,1,0.7143584107980132,1,1
0.6262325709685683,0.2764865830540657,0.3270686349929259,0.39010186399684266,1,0.7143584107980132,1,1
0.6262325709685683,0.2764865830540657,0.14263926924062617,0.5984473430328158,1,0.7143584107980132,1,1
0.6262325709685683,0.2764865830540657,0.14263926924062617,0.39010186399684266,0,0.7143584107980132,1,1
0.6262325709685683,0.2764865830540657,0.14263926924062617,0.39010186399684266,1,0.5692947562783957,1,1
0.6262325709685683,0.2764865830540657,0.14263926924062617,0.39010186399684266,1,0.7143584107980132,1,1
0.6262325709685683,0.2764865830540657,0.14263926924062617,0.39010186399684266,1,0.7143584107980132,1,1
0.021671008318662643,0.2652401961386204,0.3270686349929259,0.5984473430328158,0,0.5692947562783957,1,1
0.8969847001135349,0.9972927495837212,0.840417641031053,1.4142135623730951,0,0.9729292439296842,2,1
0.30798960011452436,0.9972927495837212,0.840417641031053,1.4142135623730951,0,0.9729292439296842,2,1
0.8969847001135349,0.11059809755533934,0.840417641031053,1.4142135623730951,0,0.9729292439296842,2,1
0.8969847001135349,0.9972927495837212,0.675580710643999,0.7294975684124754,0,0.9729292439296842,2,1
0.8969847001135349,0.9972927495837212,0.840417641031053,1.4142135623730951,0,0.9729292439296842,2,1
0.8969847001135349,0.9972927495837212,0.840417641031053,1.4142135623730951,3,0.9729292439296842,2,1
0.8969847001135349,0.9972927495837212,0.840417641031053,1.4142135623730951,0,0.3076505856588483,2,1
0.8969847001135349,0.9972927495837212,0.840417641031053,1.4142135623730951,0,0.9729292439296842,2,1
0.8969847001135349,0.9972927495837212,0.840417641031053,1.4142135623730951,0,0.9729292439296842,2,0
0.30798960011452436,0.11059809755533934,0.675580710643999,1.4142135623730951,3,0.3076505856588483,2,0
0.3593644602224231,0.007362473756074905,0.5054677402957642,1.4142135623730951,3,0.143471566028893,1,0
0.9482390061020851,0.007362473756074905,0.5054677402957642,1.4142135623730951,3,0.143471566028893,1,0
0.3593644602224231,0.9969996996223927,0.5054677402957642,1.4142135623730951,3,0.143471566028893,1,0
0.3593644602224231,0.007362473756074905,0.837584471922234,1.4142135623730951,3,0.143471566028893,1,0
0.3593644602224231,0.007362473756074905,0.5054677402957642,1.182109158042059,3,0.143471566028893,1,0
0.3593644602224231,0.007362473756074905,0.5054677402957642,1.4142135623730951,1,0.143471566028893,1,0
0.3593644602224231,0.007362473756074905,0.5054677402957642,1.4142135623730951,3,0.9154100939631462,1,0
0.3593644602224231,0.007362473756074905,0.5054677402957642,1.4142135623730951,3,0.143471566028893,3,0
0.3593644602224231,0.007362473756074905,0.5054677402957642,1.4142135623730951,3,0.143471566028893,1,1
0.9482390061020851,0.9969996996223927,0.837584471922234,1.182109158042059,1,0.9154100939631462,3,1
